#
# There is insufficient memory for the Java Runtime Environment to continue.
# Native memory allocation (malloc) failed to allocate 1066416 bytes. Error detail: Chunk::new
# Possible reasons:
#   The system is out of physical RAM or swap space
#   This process is running with CompressedOops enabled, and the Java Heap may be blocking the growth of the native heap
# Possible solutions:
#   Reduce memory load on the system
#   Increase physical memory or swap space
#   Check if swap backing store is full
#   Decrease Java heap size (-Xmx/-Xms)
#   Decrease number of Java threads
#   Decrease Java thread stack sizes (-Xss)
#   Set larger code cache with -XX:ReservedCodeCacheSize=
#   JVM is running with Unscaled Compressed Oops mode in which the Java heap is
#     placed in the first 4GB address space. The Java Heap base address is the
#     maximum limit for the native heap growth. Please use -XX:HeapBaseMinAddress
#     to set the Java Heap base and to place the Java Heap above 4GB virtual address.
# This output file may be truncated or incomplete.
#
#  Out of Memory Error (arena.cpp:168), pid=18116, tid=6732
#
# JRE version: OpenJDK Runtime Environment Temurin-21.0.10+7 (21.0.10+7) (build 21.0.10+7-LTS)
# Java VM: OpenJDK 64-Bit Server VM Temurin-21.0.10+7 (21.0.10+7-LTS, mixed mode, sharing, tiered, compressed oops, compressed class ptrs, g1 gc, windows-amd64)
# No core dump will be written. Minidumps are not enabled by default on client versions of Windows
#

---------------  S U M M A R Y ------------

Command Line: --add-opens=java.base/java.lang=ALL-UNNAMED --add-opens=java.base/java.lang.invoke=ALL-UNNAMED --add-opens=java.base/java.util=ALL-UNNAMED --add-opens=java.prefs/java.util.prefs=ALL-UNNAMED --add-exports=jdk.compiler/com.sun.tools.javac.api=ALL-UNNAMED --add-exports=jdk.compiler/com.sun.tools.javac.util=ALL-UNNAMED --add-opens=java.base/java.util=ALL-UNNAMED --add-opens=java.prefs/java.util.prefs=ALL-UNNAMED --add-opens=java.base/java.nio.charset=ALL-UNNAMED --add-opens=java.base/java.net=ALL-UNNAMED --add-opens=java.base/java.util.concurrent.atomic=ALL-UNNAMED --add-opens=java.xml/javax.xml.namespace=ALL-UNNAMED -Xmx2048m -Dfile.encoding=UTF-8 -Duser.country=US -Duser.language=en -Duser.variant -javaagent:C:\Users\User\.gradle\wrapper\dists\gradle-8.11.1-bin\bpt9gzteqjrbo1mjrsomdt32c\gradle-8.11.1\lib\agents\gradle-instrumentation-agent-8.11.1.jar org.gradle.launcher.daemon.bootstrap.GradleDaemon 8.11.1

Host: Intel(R) Core(TM) i5-10400 CPU @ 2.90GHz, 12 cores, 7G,  Windows 11 , 64 bit Build 26100 (10.0.26100.8246)
Time: Thu May 14 21:40:51 2026 Bangladesh Standard Time elapsed time: 49.476414 seconds (0d 0h 0m 49s)

---------------  T H R E A D  ---------------

Current thread (0x00000197c9961310):  JavaThread "C2 CompilerThread0" daemon [_thread_in_native, id=6732, stack(0x000000645d400000,0x000000645d500000) (1024K)]


Current CompileTask:
C2:49476 23373       4       org.objectweb.asm.ClassReader::readCode (5117 bytes)

Stack: [0x000000645d400000,0x000000645d500000]
Native frames: (J=compiled Java code, j=interpreted, Vv=VM code, C=native code)
V  [jvm.dll+0x6d7a39]
V  [jvm.dll+0x8b4b26]
V  [jvm.dll+0x8b70de]
V  [jvm.dll+0x8b77c3]
V  [jvm.dll+0x284346]
V  [jvm.dll+0xc66ed]
V  [jvm.dll+0xc6c31]
V  [jvm.dll+0x2fb29e]
V  [jvm.dll+0x5fe884]
V  [jvm.dll+0x255b17]
V  [jvm.dll+0x255edd]
V  [jvm.dll+0x24e500]
V  [jvm.dll+0x24ba42]
V  [jvm.dll+0x1cb34e]
V  [jvm.dll+0x25b85d]
V  [jvm.dll+0x259dea]
V  [jvm.dll+0x3f857e]
V  [jvm.dll+0x85f59d]
V  [jvm.dll+0x6d626d]
C  [ucrtbase.dll+0x37b0]
C  [KERNEL32.DLL+0x2e8d7]
C  [ntdll.dll+0x8c3fc]


---------------  P R O C E S S  ---------------

Threads class SMR info:
_java_thread_list=0x00000198251e8550, length=75, elements={
0x00000197b1d9ec70, 0x00000197c9947130, 0x00000197c994acc0, 0x00000197c994fa50,
0x00000197c9950730, 0x00000197c9951eb0, 0x00000197c9953630, 0x00000197c9961310,
0x00000197c9982ae0, 0x00000197c9b6e1c0, 0x00000197c9bf97c0, 0x000001981051fed0,
0x00000198101f03f0, 0x000001980f9218a0, 0x00000198101149a0, 0x000001981084a090,
0x0000019810849370, 0x0000019810848650, 0x0000019810849a00, 0x0000019811200910,
0x0000019811200280, 0x0000019811200fa0, 0x00000198111fe1b0, 0x00000198111feed0,
0x0000019811204420, 0x00000198112029e0, 0x0000019813b026a0, 0x0000019814806720,
0x00000198110321f0, 0x0000019811035670, 0x0000019811034fe0, 0x00000198110370b0,
0x0000019814808e80, 0x0000019814807440, 0x0000019814805a00, 0x0000019814809510,
0x0000019814809ba0, 0x00000198242e3480, 0x0000019813b061b0, 0x000001982451f360,
0x000001980ffec3f0, 0x000001980ffeeb50, 0x000001981f0cdfb0, 0x000001981f0ce640,
0x00000198241e3550, 0x00000198241e4270, 0x00000198241e1b10, 0x00000198242ca7c0,
0x00000198242c9410, 0x00000198242c8d80, 0x00000198242c9aa0, 0x00000198242cae50,
0x00000198242ca130, 0x00000198242c8060, 0x00000198242cb4e0, 0x00000198242e41a0,
0x00000198242e20d0, 0x00000198242e4830, 0x00000198242e4ec0, 0x00000198242e5550,
0x00000198242e2760, 0x000001982513f540, 0x000001982513c750, 0x000001980ffef1e0,
0x000001980ffeca80, 0x000001980ffed7a0, 0x000001980ffed110, 0x000001980ffede30,
0x000001981af1c400, 0x000001981af1f1f0, 0x000001981af1ca90, 0x000001981af1d7b0,
0x000001981af1f880, 0x000001981af1d120, 0x000001981e4ed940
}

Java Threads: ( => current thread )
  0x00000197b1d9ec70 JavaThread "main"                              [_thread_blocked, id=2788, stack(0x000000645c600000,0x000000645c700000) (1024K)]
  0x00000197c9947130 JavaThread "Reference Handler"          daemon [_thread_blocked, id=15736, stack(0x000000645ce00000,0x000000645cf00000) (1024K)]
  0x00000197c994acc0 JavaThread "Finalizer"                  daemon [_thread_blocked, id=18956, stack(0x000000645cf00000,0x000000645d000000) (1024K)]
  0x00000197c994fa50 JavaThread "Signal Dispatcher"          daemon [_thread_blocked, id=18928, stack(0x000000645d000000,0x000000645d100000) (1024K)]
  0x00000197c9950730 JavaThread "Attach Listener"            daemon [_thread_blocked, id=8984, stack(0x000000645d100000,0x000000645d200000) (1024K)]
  0x00000197c9951eb0 JavaThread "Service Thread"             daemon [_thread_blocked, id=2000, stack(0x000000645d200000,0x000000645d300000) (1024K)]
  0x00000197c9953630 JavaThread "Monitor Deflation Thread"   daemon [_thread_blocked, id=14992, stack(0x000000645d300000,0x000000645d400000) (1024K)]
=>0x00000197c9961310 JavaThread "C2 CompilerThread0"         daemon [_thread_in_native, id=6732, stack(0x000000645d400000,0x000000645d500000) (1024K)]
  0x00000197c9982ae0 JavaThread "C1 CompilerThread0"         daemon [_thread_in_vm, id=18700, stack(0x000000645d500000,0x000000645d600000) (1024K)]
  0x00000197c9b6e1c0 JavaThread "Common-Cleaner"             daemon [_thread_blocked, id=5972, stack(0x000000645d600000,0x000000645d700000) (1024K)]
  0x00000197c9bf97c0 JavaThread "Notification Thread"        daemon [_thread_blocked, id=14868, stack(0x000000645d700000,0x000000645d800000) (1024K)]
  0x000001981051fed0 JavaThread "Daemon health stats"               [_thread_blocked, id=17600, stack(0x000000645de00000,0x000000645df00000) (1024K)]
  0x00000198101f03f0 JavaThread "Incoming local TCP Connector on port 49677"        [_thread_in_native, id=3172, stack(0x000000645df00000,0x000000645e000000) (1024K)]
  0x000001980f9218a0 JavaThread "Daemon periodic checks"            [_thread_blocked, id=16820, stack(0x000000645e000000,0x000000645e100000) (1024K)]
  0x00000198101149a0 JavaThread "Daemon"                            [_thread_blocked, id=19416, stack(0x000000645e100000,0x000000645e200000) (1024K)]
  0x000001981084a090 JavaThread "Daemon worker"                     [_thread_in_Java, id=3152, stack(0x000000645e300000,0x000000645e400000) (1024K)]
  0x0000019810849370 JavaThread "Cache worker for journal cache (C:\Users\User\.gradle\caches\journal-1)"        [_thread_blocked, id=15024, stack(0x000000645e700000,0x000000645e800000) (1024K)]
  0x0000019810848650 JavaThread "File lock request listener"        [_thread_in_native, id=2948, stack(0x000000645e800000,0x000000645e900000) (1024K)]
  0x0000019810849a00 JavaThread "Cache worker for file hash cache (C:\Users\User\.gradle\caches\8.11.1\fileHashes)"        [_thread_blocked, id=18924, stack(0x000000645e900000,0x000000645ea00000) (1024K)]
  0x0000019811200910 JavaThread "Cache worker for file content cache (C:\Users\User\.gradle\caches\8.11.1\fileContent)"        [_thread_blocked, id=18220, stack(0x000000645ee00000,0x000000645ef00000) (1024K)]
  0x0000019811200280 JavaThread "File watcher server"        daemon [_thread_in_native, id=18860, stack(0x000000645f300000,0x000000645f400000) (1024K)]
  0x0000019811200fa0 JavaThread "File watcher consumer"      daemon [_thread_blocked, id=17432, stack(0x000000645f400000,0x000000645f500000) (1024K)]
  0x00000198111fe1b0 JavaThread "jar transforms"                    [_thread_blocked, id=6324, stack(0x000000645f500000,0x000000645f600000) (1024K)]
  0x00000198111feed0 JavaThread "jar transforms Thread 2"           [_thread_blocked, id=3104, stack(0x000000645f600000,0x000000645f700000) (1024K)]
  0x0000019811204420 JavaThread "jar transforms Thread 3"           [_thread_blocked, id=11588, stack(0x000000645fa00000,0x000000645fb00000) (1024K)]
  0x00000198112029e0 JavaThread "jar transforms Thread 4"           [_thread_blocked, id=14076, stack(0x000000645fd00000,0x000000645fe00000) (1024K)]
  0x0000019813b026a0 JavaThread "Memory manager"                    [_thread_blocked, id=7292, stack(0x0000006461f00000,0x0000006462000000) (1024K)]
  0x0000019814806720 JavaThread "pool-3-thread-1"                   [_thread_blocked, id=18676, stack(0x0000006462000000,0x0000006462100000) (1024K)]
  0x00000198110321f0 JavaThread "VFS cleanup"                       [_thread_blocked, id=5952, stack(0x000000645e400000,0x000000645e500000) (1024K)]
  0x0000019811035670 JavaThread "jar transforms Thread 5"           [_thread_blocked, id=8696, stack(0x000000645f800000,0x000000645f900000) (1024K)]
  0x0000019811034fe0 JavaThread "jar transforms Thread 6"           [_thread_blocked, id=17460, stack(0x000000645f900000,0x000000645fa00000) (1024K)]
  0x00000198110370b0 JavaThread "jar transforms Thread 7"           [_thread_blocked, id=1592, stack(0x000000645fb00000,0x000000645fc00000) (1024K)]
  0x0000019814808e80 JavaThread "jar transforms Thread 8"           [_thread_blocked, id=18896, stack(0x0000006460000000,0x0000006460100000) (1024K)]
  0x0000019814807440 JavaThread "jar transforms Thread 9"           [_thread_blocked, id=14672, stack(0x0000006460100000,0x0000006460200000) (1024K)]
  0x0000019814805a00 JavaThread "jar transforms Thread 10"          [_thread_blocked, id=7248, stack(0x0000006460200000,0x0000006460300000) (1024K)]
  0x0000019814809510 JavaThread "jar transforms Thread 11"          [_thread_blocked, id=2648, stack(0x0000006460300000,0x0000006460400000) (1024K)]
  0x0000019814809ba0 JavaThread "jar transforms Thread 12"          [_thread_blocked, id=6988, stack(0x0000006460400000,0x0000006460500000) (1024K)]
  0x00000198242e3480 JavaThread "pool-6-thread-1"                   [_thread_blocked, id=17884, stack(0x0000006461d00000,0x0000006461e00000) (1024K)]
  0x0000019813b061b0 JavaThread "included builds"                   [_thread_blocked, id=18500, stack(0x0000006461e00000,0x0000006461f00000) (1024K)]
  0x000001982451f360 JavaThread "pool-9-thread-1"                   [_thread_blocked, id=11428, stack(0x0000006461b00000,0x0000006461c00000) (1024K)]
  0x000001980ffec3f0 JavaThread "pool-12-thread-1"                  [_thread_blocked, id=9840, stack(0x0000006462200000,0x0000006462300000) (1024K)]
  0x000001980ffeeb50 JavaThread "included builds"                   [_thread_blocked, id=11756, stack(0x0000006462300000,0x0000006462400000) (1024K)]
  0x000001981f0cdfb0 JavaThread "Handler for socket connection from /127.0.0.1:49677 to /127.0.0.1:54405"        [_thread_in_native, id=19268, stack(0x000000645dc00000,0x000000645dd00000) (1024K)]
  0x000001981f0ce640 JavaThread "Cancel handler"                    [_thread_blocked, id=400, stack(0x000000645e200000,0x000000645e300000) (1024K)]
  0x00000198241e3550 JavaThread "Asynchronous log dispatcher for DefaultDaemonConnection: socket connection from /127.0.0.1:49677 to /127.0.0.1:54405"        [_thread_blocked, id=1616, stack(0x000000645e500000,0x000000645e600000) (1024K)]
  0x00000198241e4270 JavaThread "Stdin handler"                     [_thread_blocked, id=18340, stack(0x000000645e600000,0x000000645e700000) (1024K)]
  0x00000198241e1b10 JavaThread "Daemon client event forwarder"        [_thread_blocked, id=13860, stack(0x000000645f100000,0x000000645f200000) (1024K)]
  0x00000198242ca7c0 JavaThread "Cache worker for file hash cache (C:\Users\User\Desktop\BMITracker\.gradle\8.11.1\fileHashes)"        [_thread_blocked, id=18528, stack(0x000000645f200000,0x000000645f300000) (1024K)]
  0x00000198242c9410 JavaThread "Cache worker for Build Output Cleanup Cache (C:\Users\User\Desktop\BMITracker\.gradle\buildOutputCleanup)"        [_thread_blocked, id=13912, stack(0x000000645f700000,0x000000645f800000) (1024K)]
  0x00000198242c8d80 JavaThread "Cache worker for checksums cache (C:\Users\User\Desktop\BMITracker\.gradle\8.11.1\checksums)"        [_thread_blocked, id=18952, stack(0x000000645fc00000,0x000000645fd00000) (1024K)]
  0x00000198242c9aa0 JavaThread "Cache worker for cache directory md-rule (C:\Users\User\.gradle\caches\8.11.1\md-rule)"        [_thread_blocked, id=8176, stack(0x000000645fe00000,0x000000645ff00000) (1024K)]
  0x00000198242cae50 JavaThread "Cache worker for cache directory md-supplier (C:\Users\User\.gradle\caches\8.11.1\md-supplier)"        [_thread_blocked, id=18620, stack(0x000000645ff00000,0x0000006460000000) (1024K)]
  0x00000198242ca130 JavaThread "Unconstrained build operations"        [_thread_blocked, id=18464, stack(0x0000006460500000,0x0000006460600000) (1024K)]
  0x00000198242c8060 JavaThread "Unconstrained build operations Thread 2"        [_thread_blocked, id=14772, stack(0x0000006460600000,0x0000006460700000) (1024K)]
  0x00000198242cb4e0 JavaThread "Unconstrained build operations Thread 3"        [_thread_blocked, id=2356, stack(0x0000006460700000,0x0000006460800000) (1024K)]
  0x00000198242e41a0 JavaThread "Unconstrained build operations Thread 4"        [_thread_blocked, id=8676, stack(0x0000006460800000,0x0000006460900000) (1024K)]
  0x00000198242e20d0 JavaThread "Unconstrained build operations Thread 5"        [_thread_blocked, id=18572, stack(0x0000006460900000,0x0000006460a00000) (1024K)]
  0x00000198242e4830 JavaThread "Unconstrained build operations Thread 6"        [_thread_blocked, id=19244, stack(0x0000006460a00000,0x0000006460b00000) (1024K)]
  0x00000198242e4ec0 JavaThread "Unconstrained build operations Thread 7"        [_thread_blocked, id=14732, stack(0x0000006460b00000,0x0000006460c00000) (1024K)]
  0x00000198242e5550 JavaThread "Unconstrained build operations Thread 8"        [_thread_blocked, id=7276, stack(0x0000006460c00000,0x0000006460d00000) (1024K)]
  0x00000198242e2760 JavaThread "Unconstrained build operations Thread 9"        [_thread_blocked, id=18200, stack(0x0000006460d00000,0x0000006460e00000) (1024K)]
  0x000001982513f540 JavaThread "Unconstrained build operations Thread 10"        [_thread_blocked, id=10820, stack(0x0000006460e00000,0x0000006460f00000) (1024K)]
  0x000001982513c750 JavaThread "Unconstrained build operations Thread 11"        [_thread_blocked, id=17220, stack(0x0000006460f00000,0x0000006461000000) (1024K)]
  0x000001980ffef1e0 JavaThread "Unconstrained build operations Thread 12"        [_thread_blocked, id=8076, stack(0x0000006461000000,0x0000006461100000) (1024K)]
  0x000001980ffeca80 JavaThread "Unconstrained build operations Thread 13"        [_thread_blocked, id=5388, stack(0x0000006461100000,0x0000006461200000) (1024K)]
  0x000001980ffed7a0 JavaThread "Unconstrained build operations Thread 14"        [_thread_blocked, id=2672, stack(0x0000006461200000,0x0000006461300000) (1024K)]
  0x000001980ffed110 JavaThread "Unconstrained build operations Thread 15"        [_thread_blocked, id=18632, stack(0x0000006461300000,0x0000006461400000) (1024K)]
  0x000001980ffede30 JavaThread "Unconstrained build operations Thread 16"        [_thread_blocked, id=7232, stack(0x0000006461400000,0x0000006461500000) (1024K)]
  0x000001981af1c400 JavaThread "Unconstrained build operations Thread 17"        [_thread_blocked, id=11364, stack(0x0000006461500000,0x0000006461600000) (1024K)]
  0x000001981af1f1f0 JavaThread "Unconstrained build operations Thread 18"        [_thread_blocked, id=19104, stack(0x0000006461600000,0x0000006461700000) (1024K)]
  0x000001981af1ca90 JavaThread "Unconstrained build operations Thread 19"        [_thread_blocked, id=16900, stack(0x0000006461700000,0x0000006461800000) (1024K)]
  0x000001981af1d7b0 JavaThread "Unconstrained build operations Thread 20"        [_thread_blocked, id=1320, stack(0x0000006461800000,0x0000006461900000) (1024K)]
  0x000001981af1f880 JavaThread "Unconstrained build operations Thread 21"        [_thread_blocked, id=5704, stack(0x0000006461900000,0x0000006461a00000) (1024K)]
  0x000001981af1d120 JavaThread "Unconstrained build operations Thread 22"        [_thread_blocked, id=8580, stack(0x0000006461a00000,0x0000006461b00000) (1024K)]
  0x000001981e4ed940 JavaThread "C2 CompilerThread1"         daemon [_thread_in_native, id=18988, stack(0x0000006461c00000,0x0000006461d00000) (1024K)]
Total: 75

Other Threads:
  0x00000197c9923b10 VMThread "VM Thread"                           [id=9016, stack(0x000000645cd00000,0x000000645ce00000) (1024K)]
  0x00000197c9914700 WatcherThread "VM Periodic Task Thread"        [id=17288, stack(0x000000645cc00000,0x000000645cd00000) (1024K)]
  0x00000197b1df8510 WorkerThread "GC Thread#0"                     [id=15776, stack(0x000000645c700000,0x000000645c800000) (1024K)]
  0x00000197c9ccd650 WorkerThread "GC Thread#1"                     [id=19300, stack(0x000000645d800000,0x000000645d900000) (1024K)]
  0x000001980f374680 WorkerThread "GC Thread#2"                     [id=4164, stack(0x000000645d900000,0x000000645da00000) (1024K)]
  0x000001980f92bc90 WorkerThread "GC Thread#3"                     [id=14012, stack(0x000000645da00000,0x000000645db00000) (1024K)]
  0x000001980f978a90 WorkerThread "GC Thread#4"                     [id=14392, stack(0x000000645db00000,0x000000645dc00000) (1024K)]
  0x000001981012e940 WorkerThread "GC Thread#5"                     [id=5720, stack(0x000000645dd00000,0x000000645de00000) (1024K)]
  0x000001981205c130 WorkerThread "GC Thread#6"                     [id=7084, stack(0x000000645ea00000,0x000000645eb00000) (1024K)]
  0x000001981205d3a0 WorkerThread "GC Thread#7"                     [id=3752, stack(0x000000645eb00000,0x000000645ec00000) (1024K)]
  0x000001981205c4e0 WorkerThread "GC Thread#8"                     [id=13540, stack(0x000000645ec00000,0x000000645ed00000) (1024K)]
  0x000001981205cc40 WorkerThread "GC Thread#9"                     [id=18756, stack(0x000000645ed00000,0x000000645ee00000) (1024K)]
  0x00000197b1e0b2a0 ConcurrentGCThread "G1 Main Marker"            [id=10912, stack(0x000000645c800000,0x000000645c900000) (1024K)]
  0x00000197b1e0c460 WorkerThread "G1 Conc#0"                       [id=13944, stack(0x000000645c900000,0x000000645ca00000) (1024K)]
  0x0000019811c1a350 WorkerThread "G1 Conc#1"                       [id=8748, stack(0x000000645ef00000,0x000000645f000000) (1024K)]
  0x0000019811c18d30 WorkerThread "G1 Conc#2"                       [id=19276, stack(0x000000645f000000,0x000000645f100000) (1024K)]
  0x00000197b1e5e560 ConcurrentGCThread "G1 Refine#0"               [id=7932, stack(0x000000645ca00000,0x000000645cb00000) (1024K)]
  0x00000197c97e51a0 ConcurrentGCThread "G1 Service"                [id=5140, stack(0x000000645cb00000,0x000000645cc00000) (1024K)]
Total: 18

Threads with active compile tasks:
C2 CompilerThread0  49560 23373       4       org.objectweb.asm.ClassReader::readCode (5117 bytes)
C2 CompilerThread1  49560 23393   !   4       java.lang.StringLatin1::replace (291 bytes)
Total: 2

VM state: not at safepoint (normal execution)

VM Mutex/Monitor currently owned by a thread: None

Heap address: 0x0000000080000000, size: 2048 MB, Compressed Oops mode: 32-bit

CDS archive(s) mapped at: [0x00000197ca000000-0x00000197caba0000-0x00000197caba0000), size 12189696, SharedBaseAddress: 0x00000197ca000000, ArchiveRelocationMode: 1.
Compressed class space mapped at: 0x00000197cb000000-0x000001980b000000, reserved size: 1073741824
Narrow klass base: 0x00000197ca000000, Narrow klass shift: 0, Narrow klass range: 0x100000000

GC Precious Log:
 CardTable entry size: 512
 Card Set container configuration: InlinePtr #cards 5 size 8 Array Of Cards #cards 12 size 40 Howl #buckets 4 coarsen threshold 1843 Howl Bitmap #cards 512 size 80 coarsen threshold 460 Card regions per heap region 1 cards per card region 2048
 CPUs: 12 total, 12 available
 Memory: 8030M
 Large Page Support: Disabled
 NUMA Support: Disabled
 Compressed Oops: Enabled (32-bit)
 Heap Region Size: 1M
 Heap Min Capacity: 8M
 Heap Initial Capacity: 126M
 Heap Max Capacity: 2G
 Pre-touch: Disabled
 Parallel Workers: 10
 Concurrent Workers: 3
 Concurrent Refinement Workers: 10
 Periodic GC: Disabled

Heap:
 garbage-first heap   total 347136K, used 290753K [0x0000000080000000, 0x0000000100000000)
  region size 1024K, 112 young (114688K), 9 survivors (9216K)
 Metaspace       used 174184K, committed 177216K, reserved 1245184K
  class space    used 22623K, committed 24128K, reserved 1048576K

Heap Regions: E=young(eden), S=young(survivor), O=old, HS=humongous(starts), HC=humongous(continues), CS=collection set, F=free, TAMS=top-at-mark-start, PB=parsable bottom
|   0|0x0000000080000000, 0x0000000080100000, 0x0000000080100000|100%| O|  |TAMS 0x0000000080000000| PB 0x0000000080000000| Untracked 
|   1|0x0000000080100000, 0x0000000080200000, 0x0000000080200000|100%|HS|  |TAMS 0x0000000080100000| PB 0x0000000080100000| Complete 
|   2|0x0000000080200000, 0x0000000080300000, 0x0000000080300000|100%|HC|  |TAMS 0x0000000080200000| PB 0x0000000080200000| Complete 
|   3|0x0000000080300000, 0x0000000080400000, 0x0000000080400000|100%|HC|  |TAMS 0x0000000080300000| PB 0x0000000080300000| Complete 
|   4|0x0000000080400000, 0x0000000080500000, 0x0000000080500000|100%| O|  |TAMS 0x0000000080400000| PB 0x0000000080400000| Untracked 
|   5|0x0000000080500000, 0x0000000080600000, 0x0000000080600000|100%| O|  |TAMS 0x0000000080500000| PB 0x0000000080500000| Untracked 
|   6|0x0000000080600000, 0x0000000080700000, 0x0000000080700000|100%| O|  |TAMS 0x0000000080600000| PB 0x0000000080600000| Untracked 
|   7|0x0000000080700000, 0x0000000080800000, 0x0000000080800000|100%|HS|  |TAMS 0x0000000080700000| PB 0x0000000080700000| Complete 
|   8|0x0000000080800000, 0x0000000080900000, 0x0000000080900000|100%| O|  |TAMS 0x0000000080800000| PB 0x0000000080800000| Untracked 
|   9|0x0000000080900000, 0x0000000080a00000, 0x0000000080a00000|100%| O|  |TAMS 0x0000000080900000| PB 0x0000000080900000| Untracked 
|  10|0x0000000080a00000, 0x0000000080b00000, 0x0000000080b00000|100%| O|  |TAMS 0x0000000080a00000| PB 0x0000000080a00000| Untracked 
|  11|0x0000000080b00000, 0x0000000080c00000, 0x0000000080c00000|100%| O|  |TAMS 0x0000000080b00000| PB 0x0000000080b00000| Untracked 
|  12|0x0000000080c00000, 0x0000000080d00000, 0x0000000080d00000|100%| O|  |TAMS 0x0000000080c00000| PB 0x0000000080c00000| Untracked 
|  13|0x0000000080d00000, 0x0000000080e00000, 0x0000000080e00000|100%| O|  |TAMS 0x0000000080d00000| PB 0x0000000080d00000| Untracked 
|  14|0x0000000080e00000, 0x0000000080f00000, 0x0000000080f00000|100%| O|  |TAMS 0x0000000080e00000| PB 0x0000000080e00000| Untracked 
|  15|0x0000000080f00000, 0x0000000081000000, 0x0000000081000000|100%| O|  |TAMS 0x0000000080f00000| PB 0x0000000080f00000| Untracked 
|  16|0x0000000081000000, 0x0000000081100000, 0x0000000081100000|100%| O|  |TAMS 0x0000000081000000| PB 0x0000000081000000| Untracked 
|  17|0x0000000081100000, 0x0000000081200000, 0x0000000081200000|100%| O|  |TAMS 0x0000000081100000| PB 0x0000000081100000| Untracked 
|  18|0x0000000081200000, 0x0000000081300000, 0x0000000081300000|100%| O|  |TAMS 0x0000000081200000| PB 0x0000000081200000| Untracked 
|  19|0x0000000081300000, 0x0000000081400000, 0x0000000081400000|100%| O|  |TAMS 0x0000000081300000| PB 0x0000000081300000| Untracked 
|  20|0x0000000081400000, 0x0000000081500000, 0x0000000081500000|100%| O|  |TAMS 0x0000000081400000| PB 0x0000000081400000| Untracked 
|  21|0x0000000081500000, 0x0000000081600000, 0x0000000081600000|100%| O|  |TAMS 0x0000000081500000| PB 0x0000000081500000| Untracked 
|  22|0x0000000081600000, 0x0000000081700000, 0x0000000081700000|100%| O|  |TAMS 0x0000000081600000| PB 0x0000000081600000| Untracked 
|  23|0x0000000081700000, 0x0000000081800000, 0x0000000081800000|100%| O|  |TAMS 0x0000000081700000| PB 0x0000000081700000| Untracked 
|  24|0x0000000081800000, 0x0000000081900000, 0x0000000081900000|100%| O|  |TAMS 0x0000000081800000| PB 0x0000000081800000| Untracked 
|  25|0x0000000081900000, 0x0000000081a00000, 0x0000000081a00000|100%| O|  |TAMS 0x0000000081900000| PB 0x0000000081900000| Untracked 
|  26|0x0000000081a00000, 0x0000000081b00000, 0x0000000081b00000|100%| O|  |TAMS 0x0000000081a00000| PB 0x0000000081a00000| Untracked 
|  27|0x0000000081b00000, 0x0000000081c00000, 0x0000000081c00000|100%| O|  |TAMS 0x0000000081b00000| PB 0x0000000081b00000| Untracked 
|  28|0x0000000081c00000, 0x0000000081d00000, 0x0000000081d00000|100%| O|  |TAMS 0x0000000081c00000| PB 0x0000000081c00000| Untracked 
|  29|0x0000000081d00000, 0x0000000081e00000, 0x0000000081e00000|100%| O|  |TAMS 0x0000000081d00000| PB 0x0000000081d00000| Untracked 
|  30|0x0000000081e00000, 0x0000000081f00000, 0x0000000081f00000|100%| O|  |TAMS 0x0000000081e00000| PB 0x0000000081e00000| Untracked 
|  31|0x0000000081f00000, 0x0000000082000000, 0x0000000082000000|100%| O|  |TAMS 0x0000000081f00000| PB 0x0000000081f00000| Untracked 
|  32|0x0000000082000000, 0x0000000082100000, 0x0000000082100000|100%| O|  |TAMS 0x0000000082000000| PB 0x0000000082000000| Untracked 
|  33|0x0000000082100000, 0x0000000082200000, 0x0000000082200000|100%| O|  |TAMS 0x0000000082100000| PB 0x0000000082100000| Untracked 
|  34|0x0000000082200000, 0x0000000082300000, 0x0000000082300000|100%| O|  |TAMS 0x0000000082200000| PB 0x0000000082200000| Untracked 
|  35|0x0000000082300000, 0x0000000082400000, 0x0000000082400000|100%| O|  |TAMS 0x0000000082300000| PB 0x0000000082300000| Untracked 
|  36|0x0000000082400000, 0x0000000082500000, 0x0000000082500000|100%| O|  |TAMS 0x0000000082400000| PB 0x0000000082400000| Untracked 
|  37|0x0000000082500000, 0x0000000082600000, 0x0000000082600000|100%| O|  |TAMS 0x0000000082500000| PB 0x0000000082500000| Untracked 
|  38|0x0000000082600000, 0x0000000082700000, 0x0000000082700000|100%| O|  |TAMS 0x0000000082600000| PB 0x0000000082600000| Untracked 
|  39|0x0000000082700000, 0x0000000082800000, 0x0000000082800000|100%| O|  |TAMS 0x0000000082700000| PB 0x0000000082700000| Untracked 
|  40|0x0000000082800000, 0x0000000082900000, 0x0000000082900000|100%| O|  |TAMS 0x0000000082800000| PB 0x0000000082800000| Untracked 
|  41|0x0000000082900000, 0x0000000082a00000, 0x0000000082a00000|100%| O|  |TAMS 0x0000000082900000| PB 0x0000000082900000| Untracked 
|  42|0x0000000082a00000, 0x0000000082b00000, 0x0000000082b00000|100%| O|Cm|TAMS 0x0000000082a00000| PB 0x0000000082a00000| Complete 
|  43|0x0000000082b00000, 0x0000000082c00000, 0x0000000082c00000|100%| O|  |TAMS 0x0000000082b00000| PB 0x0000000082b00000| Untracked 
|  44|0x0000000082c00000, 0x0000000082d00000, 0x0000000082d00000|100%|HS|  |TAMS 0x0000000082c00000| PB 0x0000000082c00000| Complete 
|  45|0x0000000082d00000, 0x0000000082e00000, 0x0000000082e00000|100%|HS|  |TAMS 0x0000000082d00000| PB 0x0000000082d00000| Complete 
|  46|0x0000000082e00000, 0x0000000082f00000, 0x0000000082f00000|100%|HS|  |TAMS 0x0000000082e00000| PB 0x0000000082e00000| Complete 
|  47|0x0000000082f00000, 0x0000000083000000, 0x0000000083000000|100%|HS|  |TAMS 0x0000000082f00000| PB 0x0000000082f00000| Complete 
|  48|0x0000000083000000, 0x0000000083100000, 0x0000000083100000|100%|HS|  |TAMS 0x0000000083000000| PB 0x0000000083000000| Complete 
|  49|0x0000000083100000, 0x0000000083200000, 0x0000000083200000|100%| O|  |TAMS 0x0000000083100000| PB 0x0000000083100000| Untracked 
|  50|0x0000000083200000, 0x0000000083300000, 0x0000000083300000|100%|HS|  |TAMS 0x0000000083200000| PB 0x0000000083200000| Complete 
|  51|0x0000000083300000, 0x0000000083400000, 0x0000000083400000|100%| O|  |TAMS 0x0000000083300000| PB 0x0000000083300000| Untracked 
|  52|0x0000000083400000, 0x0000000083500000, 0x0000000083500000|100%|HS|  |TAMS 0x0000000083400000| PB 0x0000000083400000| Complete 
|  53|0x0000000083500000, 0x0000000083600000, 0x0000000083600000|100%| O|  |TAMS 0x0000000083500000| PB 0x0000000083500000| Untracked 
|  54|0x0000000083600000, 0x0000000083700000, 0x0000000083700000|100%| O|  |TAMS 0x0000000083600000| PB 0x0000000083600000| Untracked 
|  55|0x0000000083700000, 0x0000000083800000, 0x0000000083800000|100%| O|  |TAMS 0x0000000083700000| PB 0x0000000083700000| Untracked 
|  56|0x0000000083800000, 0x0000000083900000, 0x0000000083900000|100%| O|  |TAMS 0x0000000083800000| PB 0x0000000083800000| Untracked 
|  57|0x0000000083900000, 0x0000000083a00000, 0x0000000083a00000|100%| O|  |TAMS 0x0000000083900000| PB 0x0000000083900000| Untracked 
|  58|0x0000000083a00000, 0x0000000083b00000, 0x0000000083b00000|100%| O|  |TAMS 0x0000000083a00000| PB 0x0000000083a00000| Untracked 
|  59|0x0000000083b00000, 0x0000000083c00000, 0x0000000083c00000|100%| O|  |TAMS 0x0000000083b00000| PB 0x0000000083b00000| Untracked 
|  60|0x0000000083c00000, 0x0000000083d00000, 0x0000000083d00000|100%| O|  |TAMS 0x0000000083c00000| PB 0x0000000083c00000| Untracked 
|  61|0x0000000083d00000, 0x0000000083e00000, 0x0000000083e00000|100%| O|  |TAMS 0x0000000083d00000| PB 0x0000000083d00000| Untracked 
|  62|0x0000000083e00000, 0x0000000083f00000, 0x0000000083f00000|100%| O|  |TAMS 0x0000000083e00000| PB 0x0000000083e00000| Untracked 
|  63|0x0000000083f00000, 0x0000000084000000, 0x0000000084000000|100%| O|  |TAMS 0x0000000083f00000| PB 0x0000000083f00000| Untracked 
|  64|0x0000000084000000, 0x0000000084100000, 0x0000000084100000|100%| O|  |TAMS 0x0000000084000000| PB 0x0000000084000000| Untracked 
|  65|0x0000000084100000, 0x0000000084200000, 0x0000000084200000|100%| O|  |TAMS 0x0000000084100000| PB 0x0000000084100000| Untracked 
|  66|0x0000000084200000, 0x0000000084300000, 0x0000000084300000|100%| O|  |TAMS 0x0000000084200000| PB 0x0000000084200000| Untracked 
|  67|0x0000000084300000, 0x0000000084400000, 0x0000000084400000|100%| O|  |TAMS 0x0000000084300000| PB 0x0000000084300000| Untracked 
|  68|0x0000000084400000, 0x0000000084500000, 0x0000000084500000|100%| O|  |TAMS 0x0000000084400000| PB 0x0000000084400000| Untracked 
|  69|0x0000000084500000, 0x0000000084600000, 0x0000000084600000|100%| O|  |TAMS 0x0000000084500000| PB 0x0000000084500000| Untracked 
|  70|0x0000000084600000, 0x0000000084700000, 0x0000000084700000|100%|HS|  |TAMS 0x0000000084600000| PB 0x0000000084600000| Complete 
|  71|0x0000000084700000, 0x0000000084800000, 0x0000000084800000|100%| O|  |TAMS 0x0000000084700000| PB 0x0000000084700000| Untracked 
|  72|0x0000000084800000, 0x0000000084900000, 0x0000000084900000|100%| O|  |TAMS 0x0000000084800000| PB 0x0000000084800000| Untracked 
|  73|0x0000000084900000, 0x0000000084a00000, 0x0000000084a00000|100%| O|  |TAMS 0x0000000084900000| PB 0x0000000084900000| Untracked 
|  74|0x0000000084a00000, 0x0000000084b00000, 0x0000000084b00000|100%| O|  |TAMS 0x0000000084a00000| PB 0x0000000084a00000| Untracked 
|  75|0x0000000084b00000, 0x0000000084c00000, 0x0000000084c00000|100%| O|  |TAMS 0x0000000084b00000| PB 0x0000000084b00000| Untracked 
|  76|0x0000000084c00000, 0x0000000084d00000, 0x0000000084d00000|100%| O|  |TAMS 0x0000000084c00000| PB 0x0000000084c00000| Untracked 
|  77|0x0000000084d00000, 0x0000000084e00000, 0x0000000084e00000|100%| O|  |TAMS 0x0000000084d00000| PB 0x0000000084d00000| Untracked 
|  78|0x0000000084e00000, 0x0000000084f00000, 0x0000000084f00000|100%| O|  |TAMS 0x0000000084e00000| PB 0x0000000084e00000| Untracked 
|  79|0x0000000084f00000, 0x0000000085000000, 0x0000000085000000|100%|HS|  |TAMS 0x0000000084f00000| PB 0x0000000084f00000| Complete 
|  80|0x0000000085000000, 0x0000000085100000, 0x0000000085100000|100%| O|  |TAMS 0x0000000085000000| PB 0x0000000085000000| Untracked 
|  81|0x0000000085100000, 0x0000000085200000, 0x0000000085200000|100%| O|  |TAMS 0x0000000085100000| PB 0x0000000085100000| Untracked 
|  82|0x0000000085200000, 0x0000000085300000, 0x0000000085300000|100%| O|  |TAMS 0x0000000085200000| PB 0x0000000085200000| Untracked 
|  83|0x0000000085300000, 0x0000000085400000, 0x0000000085400000|100%| O|  |TAMS 0x0000000085300000| PB 0x0000000085300000| Untracked 
|  84|0x0000000085400000, 0x0000000085500000, 0x0000000085500000|100%| O|  |TAMS 0x0000000085400000| PB 0x0000000085400000| Untracked 
|  85|0x0000000085500000, 0x0000000085600000, 0x0000000085600000|100%| O|  |TAMS 0x0000000085500000| PB 0x0000000085500000| Untracked 
|  86|0x0000000085600000, 0x0000000085700000, 0x0000000085700000|100%| O|  |TAMS 0x0000000085600000| PB 0x0000000085600000| Untracked 
|  87|0x0000000085700000, 0x0000000085800000, 0x0000000085800000|100%| O|  |TAMS 0x0000000085700000| PB 0x0000000085700000| Untracked 
|  88|0x0000000085800000, 0x0000000085900000, 0x0000000085900000|100%| O|  |TAMS 0x0000000085800000| PB 0x0000000085800000| Untracked 
|  89|0x0000000085900000, 0x0000000085a00000, 0x0000000085a00000|100%| O|Cm|TAMS 0x0000000085900000| PB 0x0000000085900000| Complete 
|  90|0x0000000085a00000, 0x0000000085b00000, 0x0000000085b00000|100%| O|  |TAMS 0x0000000085a00000| PB 0x0000000085a00000| Untracked 
|  91|0x0000000085b00000, 0x0000000085c00000, 0x0000000085c00000|100%| O|  |TAMS 0x0000000085b00000| PB 0x0000000085b00000| Untracked 
|  92|0x0000000085c00000, 0x0000000085d00000, 0x0000000085d00000|100%| O|  |TAMS 0x0000000085c00000| PB 0x0000000085c00000| Untracked 
|  93|0x0000000085d00000, 0x0000000085e00000, 0x0000000085e00000|100%| O|  |TAMS 0x0000000085d00000| PB 0x0000000085d00000| Untracked 
|  94|0x0000000085e00000, 0x0000000085f00000, 0x0000000085f00000|100%| O|  |TAMS 0x0000000085e00000| PB 0x0000000085e00000| Untracked 
|  95|0x0000000085f00000, 0x0000000086000000, 0x0000000086000000|100%| O|  |TAMS 0x0000000085f00000| PB 0x0000000085f00000| Untracked 
|  96|0x0000000086000000, 0x0000000086100000, 0x0000000086100000|100%| O|  |TAMS 0x0000000086000000| PB 0x0000000086000000| Untracked 
|  97|0x0000000086100000, 0x0000000086200000, 0x0000000086200000|100%| O|  |TAMS 0x0000000086100000| PB 0x0000000086100000| Untracked 
|  98|0x0000000086200000, 0x0000000086300000, 0x0000000086300000|100%| O|  |TAMS 0x0000000086200000| PB 0x0000000086200000| Untracked 
|  99|0x0000000086300000, 0x0000000086400000, 0x0000000086400000|100%| O|  |TAMS 0x0000000086300000| PB 0x0000000086300000| Untracked 
| 100|0x0000000086400000, 0x0000000086500000, 0x0000000086500000|100%| O|  |TAMS 0x0000000086400000| PB 0x0000000086400000| Untracked 
| 101|0x0000000086500000, 0x0000000086600000, 0x0000000086600000|100%| O|Cm|TAMS 0x0000000086500000| PB 0x0000000086500000| Complete 
| 102|0x0000000086600000, 0x0000000086700000, 0x0000000086700000|100%| O|  |TAMS 0x0000000086600000| PB 0x0000000086600000| Untracked 
| 103|0x0000000086700000, 0x0000000086800000, 0x0000000086800000|100%| O|  |TAMS 0x0000000086700000| PB 0x0000000086700000| Untracked 
| 104|0x0000000086800000, 0x0000000086900000, 0x0000000086900000|100%| O|  |TAMS 0x0000000086800000| PB 0x0000000086800000| Untracked 
| 105|0x0000000086900000, 0x0000000086a00000, 0x0000000086a00000|100%| O|  |TAMS 0x0000000086900000| PB 0x0000000086900000| Untracked 
| 106|0x0000000086a00000, 0x0000000086b00000, 0x0000000086b00000|100%| O|  |TAMS 0x0000000086a00000| PB 0x0000000086a00000| Untracked 
| 107|0x0000000086b00000, 0x0000000086c00000, 0x0000000086c00000|100%| O|  |TAMS 0x0000000086b00000| PB 0x0000000086b00000| Untracked 
| 108|0x0000000086c00000, 0x0000000086d00000, 0x0000000086d00000|100%| O|  |TAMS 0x0000000086c00000| PB 0x0000000086c00000| Untracked 
| 109|0x0000000086d00000, 0x0000000086e00000, 0x0000000086e00000|100%| O|  |TAMS 0x0000000086d00000| PB 0x0000000086d00000| Untracked 
| 110|0x0000000086e00000, 0x0000000086f00000, 0x0000000086f00000|100%| O|  |TAMS 0x0000000086e00000| PB 0x0000000086e00000| Untracked 
| 111|0x0000000086f00000, 0x0000000087000000, 0x0000000087000000|100%| O|  |TAMS 0x0000000086f00000| PB 0x0000000086f00000| Untracked 
| 112|0x0000000087000000, 0x0000000087100000, 0x0000000087100000|100%| O|  |TAMS 0x0000000087000000| PB 0x0000000087000000| Untracked 
| 113|0x0000000087100000, 0x0000000087200000, 0x0000000087200000|100%| O|  |TAMS 0x0000000087100000| PB 0x0000000087100000| Untracked 
| 114|0x0000000087200000, 0x0000000087300000, 0x0000000087300000|100%| O|  |TAMS 0x0000000087200000| PB 0x0000000087200000| Untracked 
| 115|0x0000000087300000, 0x0000000087400000, 0x0000000087400000|100%| O|  |TAMS 0x0000000087300000| PB 0x0000000087300000| Untracked 
| 116|0x0000000087400000, 0x0000000087500000, 0x0000000087500000|100%| O|  |TAMS 0x0000000087400000| PB 0x0000000087400000| Untracked 
| 117|0x0000000087500000, 0x0000000087600000, 0x0000000087600000|100%| O|  |TAMS 0x0000000087500000| PB 0x0000000087500000| Untracked 
| 118|0x0000000087600000, 0x0000000087700000, 0x0000000087700000|100%| O|  |TAMS 0x0000000087600000| PB 0x0000000087600000| Untracked 
| 119|0x0000000087700000, 0x0000000087800000, 0x0000000087800000|100%| O|  |TAMS 0x0000000087700000| PB 0x0000000087700000| Untracked 
| 120|0x0000000087800000, 0x0000000087900000, 0x0000000087900000|100%| O|  |TAMS 0x0000000087800000| PB 0x0000000087800000| Untracked 
| 121|0x0000000087900000, 0x0000000087a00000, 0x0000000087a00000|100%| O|  |TAMS 0x0000000087900000| PB 0x0000000087900000| Untracked 
| 122|0x0000000087a00000, 0x0000000087b00000, 0x0000000087b00000|100%| O|  |TAMS 0x0000000087a00000| PB 0x0000000087a00000| Untracked 
| 123|0x0000000087b00000, 0x0000000087c00000, 0x0000000087c00000|100%| O|  |TAMS 0x0000000087b00000| PB 0x0000000087b00000| Untracked 
| 124|0x0000000087c00000, 0x0000000087d00000, 0x0000000087d00000|100%| O|  |TAMS 0x0000000087c00000| PB 0x0000000087c00000| Untracked 
| 125|0x0000000087d00000, 0x0000000087e00000, 0x0000000087e00000|100%| O|  |TAMS 0x0000000087d00000| PB 0x0000000087d00000| Untracked 
| 126|0x0000000087e00000, 0x0000000087f00000, 0x0000000087f00000|100%| O|  |TAMS 0x0000000087e00000| PB 0x0000000087e00000| Untracked 
| 127|0x0000000087f00000, 0x0000000088000000, 0x0000000088000000|100%| O|  |TAMS 0x0000000087f00000| PB 0x0000000087f00000| Untracked 
| 128|0x0000000088000000, 0x0000000088100000, 0x0000000088100000|100%| O|  |TAMS 0x0000000088000000| PB 0x0000000088000000| Untracked 
| 129|0x0000000088100000, 0x0000000088200000, 0x0000000088200000|100%| O|Cm|TAMS 0x0000000088100000| PB 0x0000000088100000| Complete 
| 130|0x0000000088200000, 0x0000000088300000, 0x0000000088300000|100%| O|  |TAMS 0x0000000088200000| PB 0x0000000088200000| Untracked 
| 131|0x0000000088300000, 0x0000000088400000, 0x0000000088400000|100%| O|  |TAMS 0x0000000088300000| PB 0x0000000088300000| Untracked 
| 132|0x0000000088400000, 0x0000000088500000, 0x0000000088500000|100%| O|  |TAMS 0x0000000088400000| PB 0x0000000088400000| Untracked 
| 133|0x0000000088500000, 0x0000000088600000, 0x0000000088600000|100%| O|  |TAMS 0x0000000088500000| PB 0x0000000088500000| Untracked 
| 134|0x0000000088600000, 0x0000000088700000, 0x0000000088700000|100%| O|  |TAMS 0x0000000088600000| PB 0x0000000088600000| Untracked 
| 135|0x0000000088700000, 0x0000000088800000, 0x0000000088800000|100%| O|  |TAMS 0x0000000088700000| PB 0x0000000088700000| Untracked 
| 136|0x0000000088800000, 0x0000000088900000, 0x0000000088900000|100%| O|  |TAMS 0x0000000088800000| PB 0x0000000088800000| Untracked 
| 137|0x0000000088900000, 0x0000000088a00000, 0x0000000088a00000|100%| O|  |TAMS 0x0000000088900000| PB 0x0000000088900000| Untracked 
| 138|0x0000000088a00000, 0x0000000088b00000, 0x0000000088b00000|100%| O|  |TAMS 0x0000000088a00000| PB 0x0000000088a00000| Untracked 
| 139|0x0000000088b00000, 0x0000000088c00000, 0x0000000088c00000|100%| O|  |TAMS 0x0000000088b00000| PB 0x0000000088b00000| Untracked 
| 140|0x0000000088c00000, 0x0000000088d00000, 0x0000000088d00000|100%| O|Cm|TAMS 0x0000000088c00000| PB 0x0000000088c00000| Complete 
| 141|0x0000000088d00000, 0x0000000088e00000, 0x0000000088e00000|100%| O|  |TAMS 0x0000000088d00000| PB 0x0000000088d00000| Untracked 
| 142|0x0000000088e00000, 0x0000000088ef0400, 0x0000000088f00000| 93%| O|  |TAMS 0x0000000088e00000| PB 0x0000000088e00000| Untracked 
| 143|0x0000000088f00000, 0x0000000088f00000, 0x0000000089000000|  0%| F|  |TAMS 0x0000000088f00000| PB 0x0000000088f00000| Untracked 
| 144|0x0000000089000000, 0x0000000089100000, 0x0000000089100000|100%| O|  |TAMS 0x0000000089000000| PB 0x0000000089000000| Untracked 
| 145|0x0000000089100000, 0x0000000089200000, 0x0000000089200000|100%| O|  |TAMS 0x0000000089100000| PB 0x0000000089100000| Untracked 
| 146|0x0000000089200000, 0x0000000089300000, 0x0000000089300000|100%| O|  |TAMS 0x0000000089200000| PB 0x0000000089200000| Untracked 
| 147|0x0000000089300000, 0x0000000089400000, 0x0000000089400000|100%| O|  |TAMS 0x0000000089300000| PB 0x0000000089300000| Untracked 
| 148|0x0000000089400000, 0x0000000089500000, 0x0000000089500000|100%| O|  |TAMS 0x0000000089400000| PB 0x0000000089400000| Untracked 
| 149|0x0000000089500000, 0x0000000089600000, 0x0000000089600000|100%| O|  |TAMS 0x0000000089500000| PB 0x0000000089500000| Untracked 
| 150|0x0000000089600000, 0x0000000089700000, 0x0000000089700000|100%| O|  |TAMS 0x0000000089600000| PB 0x0000000089600000| Untracked 
| 151|0x0000000089700000, 0x0000000089800000, 0x0000000089800000|100%| O|  |TAMS 0x0000000089700000| PB 0x0000000089700000| Untracked 
| 152|0x0000000089800000, 0x0000000089900000, 0x0000000089900000|100%| O|  |TAMS 0x0000000089800000| PB 0x0000000089800000| Untracked 
| 153|0x0000000089900000, 0x0000000089a00000, 0x0000000089a00000|100%| O|  |TAMS 0x0000000089900000| PB 0x0000000089900000| Untracked 
| 154|0x0000000089a00000, 0x0000000089b00000, 0x0000000089b00000|100%| O|  |TAMS 0x0000000089a00000| PB 0x0000000089a00000| Untracked 
| 155|0x0000000089b00000, 0x0000000089c00000, 0x0000000089c00000|100%| O|Cm|TAMS 0x0000000089b00000| PB 0x0000000089b00000| Complete 
| 156|0x0000000089c00000, 0x0000000089d00000, 0x0000000089d00000|100%| O|Cm|TAMS 0x0000000089c00000| PB 0x0000000089c00000| Complete 
| 157|0x0000000089d00000, 0x0000000089d00000, 0x0000000089e00000|  0%| F|  |TAMS 0x0000000089d00000| PB 0x0000000089d00000| Untracked 
| 158|0x0000000089e00000, 0x0000000089e00000, 0x0000000089f00000|  0%| F|  |TAMS 0x0000000089e00000| PB 0x0000000089e00000| Untracked 
| 159|0x0000000089f00000, 0x0000000089f00000, 0x000000008a000000|  0%| F|  |TAMS 0x0000000089f00000| PB 0x0000000089f00000| Untracked 
| 160|0x000000008a000000, 0x000000008a000000, 0x000000008a100000|  0%| F|  |TAMS 0x000000008a000000| PB 0x000000008a000000| Untracked 
| 161|0x000000008a100000, 0x000000008a100000, 0x000000008a200000|  0%| F|  |TAMS 0x000000008a100000| PB 0x000000008a100000| Untracked 
| 162|0x000000008a200000, 0x000000008a200000, 0x000000008a300000|  0%| F|  |TAMS 0x000000008a200000| PB 0x000000008a200000| Untracked 
| 163|0x000000008a300000, 0x000000008a300000, 0x000000008a400000|  0%| F|  |TAMS 0x000000008a300000| PB 0x000000008a300000| Untracked 
| 164|0x000000008a400000, 0x000000008a400000, 0x000000008a500000|  0%| F|  |TAMS 0x000000008a400000| PB 0x000000008a400000| Untracked 
| 165|0x000000008a500000, 0x000000008a500000, 0x000000008a600000|  0%| F|  |TAMS 0x000000008a500000| PB 0x000000008a500000| Untracked 
| 166|0x000000008a600000, 0x000000008a600000, 0x000000008a700000|  0%| F|  |TAMS 0x000000008a600000| PB 0x000000008a600000| Untracked 
| 167|0x000000008a700000, 0x000000008a700000, 0x000000008a800000|  0%| F|  |TAMS 0x000000008a700000| PB 0x000000008a700000| Untracked 
| 168|0x000000008a800000, 0x000000008a800000, 0x000000008a900000|  0%| F|  |TAMS 0x000000008a800000| PB 0x000000008a800000| Untracked 
| 169|0x000000008a900000, 0x000000008a900000, 0x000000008aa00000|  0%| F|  |TAMS 0x000000008a900000| PB 0x000000008a900000| Untracked 
| 170|0x000000008aa00000, 0x000000008ab00000, 0x000000008ab00000|100%| S|CS|TAMS 0x000000008aa00000| PB 0x000000008aa00000| Complete 
| 171|0x000000008ab00000, 0x000000008ac00000, 0x000000008ac00000|100%| S|CS|TAMS 0x000000008ab00000| PB 0x000000008ab00000| Complete 
| 172|0x000000008ac00000, 0x000000008ac00000, 0x000000008ad00000|  0%| F|  |TAMS 0x000000008ac00000| PB 0x000000008ac00000| Untracked 
| 173|0x000000008ad00000, 0x000000008ad00000, 0x000000008ae00000|  0%| F|  |TAMS 0x000000008ad00000| PB 0x000000008ad00000| Untracked 
| 174|0x000000008ae00000, 0x000000008ae00000, 0x000000008af00000|  0%| F|  |TAMS 0x000000008ae00000| PB 0x000000008ae00000| Untracked 
| 175|0x000000008af00000, 0x000000008af00000, 0x000000008b000000|  0%| F|  |TAMS 0x000000008af00000| PB 0x000000008af00000| Untracked 
| 176|0x000000008b000000, 0x000000008b000000, 0x000000008b100000|  0%| F|  |TAMS 0x000000008b000000| PB 0x000000008b000000| Untracked 
| 177|0x000000008b100000, 0x000000008b100000, 0x000000008b200000|  0%| F|  |TAMS 0x000000008b100000| PB 0x000000008b100000| Untracked 
| 178|0x000000008b200000, 0x000000008b200000, 0x000000008b300000|  0%| F|  |TAMS 0x000000008b200000| PB 0x000000008b200000| Untracked 
| 179|0x000000008b300000, 0x000000008b300000, 0x000000008b400000|  0%| F|  |TAMS 0x000000008b300000| PB 0x000000008b300000| Untracked 
| 180|0x000000008b400000, 0x000000008b400000, 0x000000008b500000|  0%| F|  |TAMS 0x000000008b400000| PB 0x000000008b400000| Untracked 
| 181|0x000000008b500000, 0x000000008b500000, 0x000000008b600000|  0%| F|  |TAMS 0x000000008b500000| PB 0x000000008b500000| Untracked 
| 182|0x000000008b600000, 0x000000008b600000, 0x000000008b700000|  0%| F|  |TAMS 0x000000008b600000| PB 0x000000008b600000| Untracked 
| 183|0x000000008b700000, 0x000000008b700000, 0x000000008b800000|  0%| F|  |TAMS 0x000000008b700000| PB 0x000000008b700000| Untracked 
| 184|0x000000008b800000, 0x000000008b900000, 0x000000008b900000|100%| S|CS|TAMS 0x000000008b800000| PB 0x000000008b800000| Complete 
| 185|0x000000008b900000, 0x000000008ba00000, 0x000000008ba00000|100%| S|CS|TAMS 0x000000008b900000| PB 0x000000008b900000| Complete 
| 186|0x000000008ba00000, 0x000000008bb00000, 0x000000008bb00000|100%| S|CS|TAMS 0x000000008ba00000| PB 0x000000008ba00000| Complete 
| 187|0x000000008bb00000, 0x000000008bc00000, 0x000000008bc00000|100%| S|CS|TAMS 0x000000008bb00000| PB 0x000000008bb00000| Complete 
| 188|0x000000008bc00000, 0x000000008bd00000, 0x000000008bd00000|100%| S|CS|TAMS 0x000000008bc00000| PB 0x000000008bc00000| Complete 
| 189|0x000000008bd00000, 0x000000008be00000, 0x000000008be00000|100%| S|CS|TAMS 0x000000008bd00000| PB 0x000000008bd00000| Complete 
| 190|0x000000008be00000, 0x000000008bf00000, 0x000000008bf00000|100%| S|CS|TAMS 0x000000008be00000| PB 0x000000008be00000| Complete 
| 191|0x000000008bf00000, 0x000000008bf00000, 0x000000008c000000|  0%| F|  |TAMS 0x000000008bf00000| PB 0x000000008bf00000| Untracked 
| 192|0x000000008c000000, 0x000000008c000000, 0x000000008c100000|  0%| F|  |TAMS 0x000000008c000000| PB 0x000000008c000000| Untracked 
| 193|0x000000008c100000, 0x000000008c100000, 0x000000008c200000|  0%| F|  |TAMS 0x000000008c100000| PB 0x000000008c100000| Untracked 
| 194|0x000000008c200000, 0x000000008c200000, 0x000000008c300000|  0%| F|  |TAMS 0x000000008c200000| PB 0x000000008c200000| Untracked 
| 195|0x000000008c300000, 0x000000008c300000, 0x000000008c400000|  0%| F|  |TAMS 0x000000008c300000| PB 0x000000008c300000| Untracked 
| 196|0x000000008c400000, 0x000000008c400000, 0x000000008c500000|  0%| F|  |TAMS 0x000000008c400000| PB 0x000000008c400000| Untracked 
| 197|0x000000008c500000, 0x000000008c500000, 0x000000008c600000|  0%| F|  |TAMS 0x000000008c500000| PB 0x000000008c500000| Untracked 
| 198|0x000000008c600000, 0x000000008c600000, 0x000000008c700000|  0%| F|  |TAMS 0x000000008c600000| PB 0x000000008c600000| Untracked 
| 199|0x000000008c700000, 0x000000008c700000, 0x000000008c800000|  0%| F|  |TAMS 0x000000008c700000| PB 0x000000008c700000| Untracked 
| 200|0x000000008c800000, 0x000000008c800000, 0x000000008c900000|  0%| F|  |TAMS 0x000000008c800000| PB 0x000000008c800000| Untracked 
| 201|0x000000008c900000, 0x000000008c900000, 0x000000008ca00000|  0%| F|  |TAMS 0x000000008c900000| PB 0x000000008c900000| Untracked 
| 202|0x000000008ca00000, 0x000000008ca00000, 0x000000008cb00000|  0%| F|  |TAMS 0x000000008ca00000| PB 0x000000008ca00000| Untracked 
| 203|0x000000008cb00000, 0x000000008cb00000, 0x000000008cc00000|  0%| F|  |TAMS 0x000000008cb00000| PB 0x000000008cb00000| Untracked 
| 204|0x000000008cc00000, 0x000000008cc00000, 0x000000008cd00000|  0%| F|  |TAMS 0x000000008cc00000| PB 0x000000008cc00000| Untracked 
| 205|0x000000008cd00000, 0x000000008cd00000, 0x000000008ce00000|  0%| F|  |TAMS 0x000000008cd00000| PB 0x000000008cd00000| Untracked 
| 206|0x000000008ce00000, 0x000000008ce00000, 0x000000008cf00000|  0%| F|  |TAMS 0x000000008ce00000| PB 0x000000008ce00000| Untracked 
| 207|0x000000008cf00000, 0x000000008cf00000, 0x000000008d000000|  0%| F|  |TAMS 0x000000008cf00000| PB 0x000000008cf00000| Untracked 
| 208|0x000000008d000000, 0x000000008d000000, 0x000000008d100000|  0%| F|  |TAMS 0x000000008d000000| PB 0x000000008d000000| Untracked 
| 209|0x000000008d100000, 0x000000008d100000, 0x000000008d200000|  0%| F|  |TAMS 0x000000008d100000| PB 0x000000008d100000| Untracked 
| 210|0x000000008d200000, 0x000000008d200000, 0x000000008d300000|  0%| F|  |TAMS 0x000000008d200000| PB 0x000000008d200000| Untracked 
| 211|0x000000008d300000, 0x000000008d300000, 0x000000008d400000|  0%| F|  |TAMS 0x000000008d300000| PB 0x000000008d300000| Untracked 
| 212|0x000000008d400000, 0x000000008d400000, 0x000000008d500000|  0%| F|  |TAMS 0x000000008d400000| PB 0x000000008d400000| Untracked 
| 213|0x000000008d500000, 0x000000008d500000, 0x000000008d600000|  0%| F|  |TAMS 0x000000008d500000| PB 0x000000008d500000| Untracked 
| 214|0x000000008d600000, 0x000000008d600000, 0x000000008d700000|  0%| F|  |TAMS 0x000000008d600000| PB 0x000000008d600000| Untracked 
| 215|0x000000008d700000, 0x000000008d700000, 0x000000008d800000|  0%| F|  |TAMS 0x000000008d700000| PB 0x000000008d700000| Untracked 
| 216|0x000000008d800000, 0x000000008d800000, 0x000000008d900000|  0%| F|  |TAMS 0x000000008d800000| PB 0x000000008d800000| Untracked 
| 217|0x000000008d900000, 0x000000008d900000, 0x000000008da00000|  0%| F|  |TAMS 0x000000008d900000| PB 0x000000008d900000| Untracked 
| 218|0x000000008da00000, 0x000000008da00000, 0x000000008db00000|  0%| F|  |TAMS 0x000000008da00000| PB 0x000000008da00000| Untracked 
| 219|0x000000008db00000, 0x000000008dc00000, 0x000000008dc00000|100%| E|  |TAMS 0x000000008db00000| PB 0x000000008db00000| Complete 
| 220|0x000000008dc00000, 0x000000008dd00000, 0x000000008dd00000|100%| E|CS|TAMS 0x000000008dc00000| PB 0x000000008dc00000| Complete 
| 221|0x000000008dd00000, 0x000000008de00000, 0x000000008de00000|100%| E|CS|TAMS 0x000000008dd00000| PB 0x000000008dd00000| Complete 
| 222|0x000000008de00000, 0x000000008df00000, 0x000000008df00000|100%| E|CS|TAMS 0x000000008de00000| PB 0x000000008de00000| Complete 
| 223|0x000000008df00000, 0x000000008e000000, 0x000000008e000000|100%| E|CS|TAMS 0x000000008df00000| PB 0x000000008df00000| Complete 
| 224|0x000000008e000000, 0x000000008e100000, 0x000000008e100000|100%| E|CS|TAMS 0x000000008e000000| PB 0x000000008e000000| Complete 
| 225|0x000000008e100000, 0x000000008e200000, 0x000000008e200000|100%| E|CS|TAMS 0x000000008e100000| PB 0x000000008e100000| Complete 
| 226|0x000000008e200000, 0x000000008e300000, 0x000000008e300000|100%| E|CS|TAMS 0x000000008e200000| PB 0x000000008e200000| Complete 
| 227|0x000000008e300000, 0x000000008e400000, 0x000000008e400000|100%| E|CS|TAMS 0x000000008e300000| PB 0x000000008e300000| Complete 
| 228|0x000000008e400000, 0x000000008e500000, 0x000000008e500000|100%| E|CS|TAMS 0x000000008e400000| PB 0x000000008e400000| Complete 
| 229|0x000000008e500000, 0x000000008e600000, 0x000000008e600000|100%| E|CS|TAMS 0x000000008e500000| PB 0x000000008e500000| Complete 
| 230|0x000000008e600000, 0x000000008e700000, 0x000000008e700000|100%| E|CS|TAMS 0x000000008e600000| PB 0x000000008e600000| Complete 
| 231|0x000000008e700000, 0x000000008e800000, 0x000000008e800000|100%| E|CS|TAMS 0x000000008e700000| PB 0x000000008e700000| Complete 
| 232|0x000000008e800000, 0x000000008e900000, 0x000000008e900000|100%| E|CS|TAMS 0x000000008e800000| PB 0x000000008e800000| Complete 
| 233|0x000000008e900000, 0x000000008ea00000, 0x000000008ea00000|100%| E|CS|TAMS 0x000000008e900000| PB 0x000000008e900000| Complete 
| 234|0x000000008ea00000, 0x000000008eb00000, 0x000000008eb00000|100%| E|CS|TAMS 0x000000008ea00000| PB 0x000000008ea00000| Complete 
| 235|0x000000008eb00000, 0x000000008ec00000, 0x000000008ec00000|100%| E|CS|TAMS 0x000000008eb00000| PB 0x000000008eb00000| Complete 
| 236|0x000000008ec00000, 0x000000008ed00000, 0x000000008ed00000|100%| E|CS|TAMS 0x000000008ec00000| PB 0x000000008ec00000| Complete 
| 237|0x000000008ed00000, 0x000000008ee00000, 0x000000008ee00000|100%| E|CS|TAMS 0x000000008ed00000| PB 0x000000008ed00000| Complete 
| 238|0x000000008ee00000, 0x000000008ef00000, 0x000000008ef00000|100%| E|CS|TAMS 0x000000008ee00000| PB 0x000000008ee00000| Complete 
| 239|0x000000008ef00000, 0x000000008f000000, 0x000000008f000000|100%| E|CS|TAMS 0x000000008ef00000| PB 0x000000008ef00000| Complete 
| 240|0x000000008f000000, 0x000000008f100000, 0x000000008f100000|100%| E|CS|TAMS 0x000000008f000000| PB 0x000000008f000000| Complete 
| 241|0x000000008f100000, 0x000000008f200000, 0x000000008f200000|100%| E|CS|TAMS 0x000000008f100000| PB 0x000000008f100000| Complete 
| 242|0x000000008f200000, 0x000000008f300000, 0x000000008f300000|100%| E|CS|TAMS 0x000000008f200000| PB 0x000000008f200000| Complete 
| 243|0x000000008f300000, 0x000000008f400000, 0x000000008f400000|100%| E|CS|TAMS 0x000000008f300000| PB 0x000000008f300000| Complete 
| 244|0x000000008f400000, 0x000000008f500000, 0x000000008f500000|100%| E|CS|TAMS 0x000000008f400000| PB 0x000000008f400000| Complete 
| 245|0x000000008f500000, 0x000000008f600000, 0x000000008f600000|100%| E|CS|TAMS 0x000000008f500000| PB 0x000000008f500000| Complete 
| 246|0x000000008f600000, 0x000000008f700000, 0x000000008f700000|100%| E|CS|TAMS 0x000000008f600000| PB 0x000000008f600000| Complete 
| 247|0x000000008f700000, 0x000000008f800000, 0x000000008f800000|100%| E|CS|TAMS 0x000000008f700000| PB 0x000000008f700000| Complete 
| 248|0x000000008f800000, 0x000000008f900000, 0x000000008f900000|100%| E|CS|TAMS 0x000000008f800000| PB 0x000000008f800000| Complete 
| 249|0x000000008f900000, 0x000000008fa00000, 0x000000008fa00000|100%| E|CS|TAMS 0x000000008f900000| PB 0x000000008f900000| Complete 
| 250|0x000000008fa00000, 0x000000008fb00000, 0x000000008fb00000|100%| E|CS|TAMS 0x000000008fa00000| PB 0x000000008fa00000| Complete 
| 251|0x000000008fb00000, 0x000000008fc00000, 0x000000008fc00000|100%| E|CS|TAMS 0x000000008fb00000| PB 0x000000008fb00000| Complete 
| 252|0x000000008fc00000, 0x000000008fd00000, 0x000000008fd00000|100%| E|CS|TAMS 0x000000008fc00000| PB 0x000000008fc00000| Complete 
| 253|0x000000008fd00000, 0x000000008fe00000, 0x000000008fe00000|100%| E|CS|TAMS 0x000000008fd00000| PB 0x000000008fd00000| Complete 
| 254|0x000000008fe00000, 0x000000008ff00000, 0x000000008ff00000|100%| E|CS|TAMS 0x000000008fe00000| PB 0x000000008fe00000| Complete 
| 255|0x000000008ff00000, 0x0000000090000000, 0x0000000090000000|100%| E|CS|TAMS 0x000000008ff00000| PB 0x000000008ff00000| Complete 
| 256|0x0000000090000000, 0x0000000090100000, 0x0000000090100000|100%| E|CS|TAMS 0x0000000090000000| PB 0x0000000090000000| Complete 
| 257|0x0000000090100000, 0x0000000090200000, 0x0000000090200000|100%| E|CS|TAMS 0x0000000090100000| PB 0x0000000090100000| Complete 
| 258|0x0000000090200000, 0x0000000090300000, 0x0000000090300000|100%| E|CS|TAMS 0x0000000090200000| PB 0x0000000090200000| Complete 
| 259|0x0000000090300000, 0x0000000090400000, 0x0000000090400000|100%| E|CS|TAMS 0x0000000090300000| PB 0x0000000090300000| Complete 
| 260|0x0000000090400000, 0x0000000090500000, 0x0000000090500000|100%| E|CS|TAMS 0x0000000090400000| PB 0x0000000090400000| Complete 
| 261|0x0000000090500000, 0x0000000090600000, 0x0000000090600000|100%| E|CS|TAMS 0x0000000090500000| PB 0x0000000090500000| Complete 
| 262|0x0000000090600000, 0x0000000090700000, 0x0000000090700000|100%| E|CS|TAMS 0x0000000090600000| PB 0x0000000090600000| Complete 
| 263|0x0000000090700000, 0x0000000090800000, 0x0000000090800000|100%| E|CS|TAMS 0x0000000090700000| PB 0x0000000090700000| Complete 
| 264|0x0000000090800000, 0x0000000090900000, 0x0000000090900000|100%| E|CS|TAMS 0x0000000090800000| PB 0x0000000090800000| Complete 
| 265|0x0000000090900000, 0x0000000090a00000, 0x0000000090a00000|100%| E|CS|TAMS 0x0000000090900000| PB 0x0000000090900000| Complete 
| 266|0x0000000090a00000, 0x0000000090b00000, 0x0000000090b00000|100%| E|CS|TAMS 0x0000000090a00000| PB 0x0000000090a00000| Complete 
| 267|0x0000000090b00000, 0x0000000090c00000, 0x0000000090c00000|100%| E|CS|TAMS 0x0000000090b00000| PB 0x0000000090b00000| Complete 
| 268|0x0000000090c00000, 0x0000000090d00000, 0x0000000090d00000|100%| E|CS|TAMS 0x0000000090c00000| PB 0x0000000090c00000| Complete 
| 269|0x0000000090d00000, 0x0000000090e00000, 0x0000000090e00000|100%| E|CS|TAMS 0x0000000090d00000| PB 0x0000000090d00000| Complete 
| 270|0x0000000090e00000, 0x0000000090f00000, 0x0000000090f00000|100%| E|CS|TAMS 0x0000000090e00000| PB 0x0000000090e00000| Complete 
| 271|0x0000000090f00000, 0x0000000091000000, 0x0000000091000000|100%| E|CS|TAMS 0x0000000090f00000| PB 0x0000000090f00000| Complete 
| 272|0x0000000091000000, 0x0000000091100000, 0x0000000091100000|100%| E|CS|TAMS 0x0000000091000000| PB 0x0000000091000000| Complete 
| 273|0x0000000091100000, 0x0000000091200000, 0x0000000091200000|100%| E|CS|TAMS 0x0000000091100000| PB 0x0000000091100000| Complete 
| 274|0x0000000091200000, 0x0000000091300000, 0x0000000091300000|100%| E|CS|TAMS 0x0000000091200000| PB 0x0000000091200000| Complete 
| 275|0x0000000091300000, 0x0000000091400000, 0x0000000091400000|100%| E|CS|TAMS 0x0000000091300000| PB 0x0000000091300000| Complete 
| 276|0x0000000091400000, 0x0000000091500000, 0x0000000091500000|100%| E|CS|TAMS 0x0000000091400000| PB 0x0000000091400000| Complete 
| 277|0x0000000091500000, 0x0000000091600000, 0x0000000091600000|100%| E|CS|TAMS 0x0000000091500000| PB 0x0000000091500000| Complete 
| 278|0x0000000091600000, 0x0000000091700000, 0x0000000091700000|100%| E|CS|TAMS 0x0000000091600000| PB 0x0000000091600000| Complete 
| 279|0x0000000091700000, 0x0000000091800000, 0x0000000091800000|100%| E|CS|TAMS 0x0000000091700000| PB 0x0000000091700000| Complete 
| 280|0x0000000091800000, 0x0000000091900000, 0x0000000091900000|100%| E|CS|TAMS 0x0000000091800000| PB 0x0000000091800000| Complete 
| 281|0x0000000091900000, 0x0000000091a00000, 0x0000000091a00000|100%| E|CS|TAMS 0x0000000091900000| PB 0x0000000091900000| Complete 
| 282|0x0000000091a00000, 0x0000000091b00000, 0x0000000091b00000|100%| E|CS|TAMS 0x0000000091a00000| PB 0x0000000091a00000| Complete 
| 283|0x0000000091b00000, 0x0000000091c00000, 0x0000000091c00000|100%| E|CS|TAMS 0x0000000091b00000| PB 0x0000000091b00000| Complete 
| 284|0x0000000091c00000, 0x0000000091d00000, 0x0000000091d00000|100%| E|CS|TAMS 0x0000000091c00000| PB 0x0000000091c00000| Complete 
| 285|0x0000000091d00000, 0x0000000091e00000, 0x0000000091e00000|100%| E|CS|TAMS 0x0000000091d00000| PB 0x0000000091d00000| Complete 
| 286|0x0000000091e00000, 0x0000000091f00000, 0x0000000091f00000|100%| E|CS|TAMS 0x0000000091e00000| PB 0x0000000091e00000| Complete 
| 287|0x0000000091f00000, 0x0000000092000000, 0x0000000092000000|100%| E|CS|TAMS 0x0000000091f00000| PB 0x0000000091f00000| Complete 
| 288|0x0000000092000000, 0x0000000092100000, 0x0000000092100000|100%| E|CS|TAMS 0x0000000092000000| PB 0x0000000092000000| Complete 
| 289|0x0000000092100000, 0x0000000092200000, 0x0000000092200000|100%| E|CS|TAMS 0x0000000092100000| PB 0x0000000092100000| Complete 
| 290|0x0000000092200000, 0x0000000092300000, 0x0000000092300000|100%| E|CS|TAMS 0x0000000092200000| PB 0x0000000092200000| Complete 
| 291|0x0000000092300000, 0x0000000092400000, 0x0000000092400000|100%| E|CS|TAMS 0x0000000092300000| PB 0x0000000092300000| Complete 
| 292|0x0000000092400000, 0x0000000092500000, 0x0000000092500000|100%| E|CS|TAMS 0x0000000092400000| PB 0x0000000092400000| Complete 
| 293|0x0000000092500000, 0x0000000092600000, 0x0000000092600000|100%| E|CS|TAMS 0x0000000092500000| PB 0x0000000092500000| Complete 
| 294|0x0000000092600000, 0x0000000092700000, 0x0000000092700000|100%| E|CS|TAMS 0x0000000092600000| PB 0x0000000092600000| Complete 
| 295|0x0000000092700000, 0x0000000092800000, 0x0000000092800000|100%| E|CS|TAMS 0x0000000092700000| PB 0x0000000092700000| Complete 
| 296|0x0000000092800000, 0x0000000092900000, 0x0000000092900000|100%| E|CS|TAMS 0x0000000092800000| PB 0x0000000092800000| Complete 
| 297|0x0000000092900000, 0x0000000092a00000, 0x0000000092a00000|100%| E|CS|TAMS 0x0000000092900000| PB 0x0000000092900000| Complete 
| 298|0x0000000092a00000, 0x0000000092b00000, 0x0000000092b00000|100%| E|CS|TAMS 0x0000000092a00000| PB 0x0000000092a00000| Complete 
| 299|0x0000000092b00000, 0x0000000092c00000, 0x0000000092c00000|100%| E|CS|TAMS 0x0000000092b00000| PB 0x0000000092b00000| Complete 
| 300|0x0000000092c00000, 0x0000000092d00000, 0x0000000092d00000|100%| E|CS|TAMS 0x0000000092c00000| PB 0x0000000092c00000| Complete 
| 301|0x0000000092d00000, 0x0000000092e00000, 0x0000000092e00000|100%| E|CS|TAMS 0x0000000092d00000| PB 0x0000000092d00000| Complete 
| 302|0x0000000092e00000, 0x0000000092f00000, 0x0000000092f00000|100%| E|CS|TAMS 0x0000000092e00000| PB 0x0000000092e00000| Complete 
| 303|0x0000000092f00000, 0x0000000093000000, 0x0000000093000000|100%| E|CS|TAMS 0x0000000092f00000| PB 0x0000000092f00000| Complete 
| 304|0x0000000093000000, 0x0000000093100000, 0x0000000093100000|100%| E|CS|TAMS 0x0000000093000000| PB 0x0000000093000000| Complete 
| 305|0x0000000093100000, 0x0000000093200000, 0x0000000093200000|100%| E|CS|TAMS 0x0000000093100000| PB 0x0000000093100000| Complete 
| 306|0x0000000093200000, 0x0000000093300000, 0x0000000093300000|100%| E|CS|TAMS 0x0000000093200000| PB 0x0000000093200000| Complete 
| 307|0x0000000093300000, 0x0000000093400000, 0x0000000093400000|100%| E|CS|TAMS 0x0000000093300000| PB 0x0000000093300000| Complete 
| 308|0x0000000093400000, 0x0000000093500000, 0x0000000093500000|100%| E|CS|TAMS 0x0000000093400000| PB 0x0000000093400000| Complete 
| 309|0x0000000093500000, 0x0000000093600000, 0x0000000093600000|100%| E|CS|TAMS 0x0000000093500000| PB 0x0000000093500000| Complete 
| 310|0x0000000093600000, 0x0000000093700000, 0x0000000093700000|100%| E|CS|TAMS 0x0000000093600000| PB 0x0000000093600000| Complete 
| 311|0x0000000093700000, 0x0000000093800000, 0x0000000093800000|100%| E|CS|TAMS 0x0000000093700000| PB 0x0000000093700000| Complete 
| 312|0x0000000093800000, 0x0000000093900000, 0x0000000093900000|100%| E|CS|TAMS 0x0000000093800000| PB 0x0000000093800000| Complete 
| 313|0x0000000093900000, 0x0000000093a00000, 0x0000000093a00000|100%| E|CS|TAMS 0x0000000093900000| PB 0x0000000093900000| Complete 
| 314|0x0000000093a00000, 0x0000000093b00000, 0x0000000093b00000|100%| E|CS|TAMS 0x0000000093a00000| PB 0x0000000093a00000| Complete 
| 315|0x0000000093b00000, 0x0000000093c00000, 0x0000000093c00000|100%| E|CS|TAMS 0x0000000093b00000| PB 0x0000000093b00000| Complete 
| 316|0x0000000093c00000, 0x0000000093d00000, 0x0000000093d00000|100%| E|CS|TAMS 0x0000000093c00000| PB 0x0000000093c00000| Complete 
| 317|0x0000000093d00000, 0x0000000093e00000, 0x0000000093e00000|100%| E|CS|TAMS 0x0000000093d00000| PB 0x0000000093d00000| Complete 
| 318|0x0000000093e00000, 0x0000000093f00000, 0x0000000093f00000|100%| E|CS|TAMS 0x0000000093e00000| PB 0x0000000093e00000| Complete 
| 319|0x0000000093f00000, 0x0000000094000000, 0x0000000094000000|100%| E|CS|TAMS 0x0000000093f00000| PB 0x0000000093f00000| Complete 
|2029|0x00000000fed00000, 0x00000000fee00000, 0x00000000fee00000|100%| E|CS|TAMS 0x00000000fed00000| PB 0x00000000fed00000| Complete 
|2030|0x00000000fee00000, 0x00000000fef00000, 0x00000000fef00000|100%| E|CS|TAMS 0x00000000fee00000| PB 0x00000000fee00000| Complete 
|2031|0x00000000fef00000, 0x00000000ff000000, 0x00000000ff000000|100%| O|  |TAMS 0x00000000fef00000| PB 0x00000000fef00000| Untracked 
|2032|0x00000000ff000000, 0x00000000ff100000, 0x00000000ff100000|100%| O|  |TAMS 0x00000000ff000000| PB 0x00000000ff000000| Untracked 
|2033|0x00000000ff100000, 0x00000000ff200000, 0x00000000ff200000|100%| O|  |TAMS 0x00000000ff100000| PB 0x00000000ff100000| Untracked 
|2034|0x00000000ff200000, 0x00000000ff300000, 0x00000000ff300000|100%| O|  |TAMS 0x00000000ff200000| PB 0x00000000ff200000| Untracked 
|2035|0x00000000ff300000, 0x00000000ff400000, 0x00000000ff400000|100%| O|  |TAMS 0x00000000ff300000| PB 0x00000000ff300000| Untracked 
|2036|0x00000000ff400000, 0x00000000ff500000, 0x00000000ff500000|100%| O|  |TAMS 0x00000000ff400000| PB 0x00000000ff400000| Untracked 
|2037|0x00000000ff500000, 0x00000000ff600000, 0x00000000ff600000|100%| O|  |TAMS 0x00000000ff500000| PB 0x00000000ff500000| Untracked 
|2038|0x00000000ff600000, 0x00000000ff700000, 0x00000000ff700000|100%| O|  |TAMS 0x00000000ff600000| PB 0x00000000ff600000| Untracked 
|2039|0x00000000ff700000, 0x00000000ff800000, 0x00000000ff800000|100%| O|  |TAMS 0x00000000ff700000| PB 0x00000000ff700000| Untracked 
|2040|0x00000000ff800000, 0x00000000ff900000, 0x00000000ff900000|100%| O|  |TAMS 0x00000000ff800000| PB 0x00000000ff800000| Untracked 
|2041|0x00000000ff900000, 0x00000000ffa00000, 0x00000000ffa00000|100%| O|  |TAMS 0x00000000ff900000| PB 0x00000000ff900000| Untracked 
|2042|0x00000000ffa00000, 0x00000000ffb00000, 0x00000000ffb00000|100%| O|  |TAMS 0x00000000ffa00000| PB 0x00000000ffa00000| Untracked 
|2043|0x00000000ffb00000, 0x00000000ffc00000, 0x00000000ffc00000|100%| O|  |TAMS 0x00000000ffb00000| PB 0x00000000ffb00000| Untracked 
|2044|0x00000000ffc00000, 0x00000000ffd00000, 0x00000000ffd00000|100%| O|  |TAMS 0x00000000ffc00000| PB 0x00000000ffc00000| Untracked 
|2045|0x00000000ffd00000, 0x00000000ffe00000, 0x00000000ffe00000|100%| O|  |TAMS 0x00000000ffd00000| PB 0x00000000ffd00000| Untracked 
|2046|0x00000000ffe00000, 0x00000000fff00000, 0x00000000fff00000|100%| O|  |TAMS 0x00000000ffe00000| PB 0x00000000ffe00000| Untracked 
|2047|0x00000000fff00000, 0x0000000100000000, 0x0000000100000000|100%| O|  |TAMS 0x00000000fff00000| PB 0x00000000fff00000| Untracked 

Card table byte_map: [0x00000197c48f0000,0x00000197c4cf0000] _byte_map_base: 0x00000197c44f0000

Marking Bits: (CMBitMap*) 0x00000197b1df9b40
 Bits: [0x00000197c4cf0000, 0x00000197c6cf0000)

Polling page: 0x00000197afd00000

Metaspace:

Usage:
  Non-class:    148.02 MB used.
      Class:     22.09 MB used.
       Both:    170.11 MB used.

Virtual space:
  Non-class space:      192.00 MB reserved,     149.50 MB ( 78%) committed,  3 nodes.
      Class space:        1.00 GB reserved,      23.56 MB (  2%) committed,  1 nodes.
             Both:        1.19 GB reserved,     173.06 MB ( 14%) committed. 

Chunk freelists:
   Non-Class:  9.85 MB
       Class:  8.41 MB
        Both:  18.26 MB

MaxMetaspaceSize: unlimited
CompressedClassSpaceSize: 1.00 GB
Initial GC threshold: 21.00 MB
Current GC threshold: 287.81 MB
CDS: on
 - commit_granule_bytes: 65536.
 - commit_granule_words: 8192.
 - virtual_space_node_default_size: 8388608.
 - enlarge_chunks_in_place: 1.
 - use_allocation_guard: 0.


Internal statistics:

num_allocs_failed_limit: 12.
num_arena_births: 5328.
num_arena_deaths: 14.
num_vsnodes_births: 4.
num_vsnodes_deaths: 0.
num_space_committed: 2765.
num_space_uncommitted: 0.
num_chunks_returned_to_freelist: 45.
num_chunks_taken_from_freelist: 12928.
num_chunk_merges: 9.
num_chunk_splits: 8981.
num_chunks_enlarged: 6212.
num_inconsistent_stats: 0.

CodeHeap 'non-profiled nmethods': size=120000Kb used=10612Kb max_used=11112Kb free=109388Kb
 bounds [0x00000197bca70000, 0x00000197bd550000, 0x00000197c3fa0000]
CodeHeap 'profiled nmethods': size=120000Kb used=37755Kb max_used=39982Kb free=82244Kb
 bounds [0x00000197b4fa0000, 0x00000197b76d0000, 0x00000197bc4d0000]
CodeHeap 'non-nmethods': size=5760Kb used=3005Kb max_used=3108Kb free=2754Kb
 bounds [0x00000197bc4d0000, 0x00000197bc7e0000, 0x00000197bca70000]
CodeCache: size=245760Kb, used=51372Kb, max_used=54202Kb, free=194386Kb
 total_blobs=20795, nmethods=19565, adapters=1129, full_count=0
Compilation: enabled, stopped_count=0, restarted_count=0

Compilation events (20 events):
Event: 49.152 Thread 0x00000197c9982ae0 23547       2       groovy.lang.MetaClassImpl$Index::put (10 bytes)
Event: 49.153 Thread 0x00000197c9982ae0 nmethod 23547 0x00000197b5d2f810 code [0x00000197b5d2f9c0, 0x00000197b5d2fb48]
Event: 49.153 Thread 0x00000197c9982ae0 23548       2       org.codehaus.groovy.reflection.ClassInfo::replaceWeakMetaClassRef (19 bytes)
Event: 49.153 Thread 0x00000197c9982ae0 nmethod 23548 0x00000197b627f590 code [0x00000197b627f740, 0x00000197b627f920]
Event: 49.164 Thread 0x00000197c9982ae0 23549       2       groovy.lang.MetaClassImpl::getMetaProperty (45 bytes)
Event: 49.166 Thread 0x00000197c9982ae0 nmethod 23549 0x00000197b66abf90 code [0x00000197b66ac160, 0x00000197b66ac380]
Event: 49.174 Thread 0x00000197c9982ae0 23550       2       groovyjarjarasm.asm.Label::addForwardReference (102 bytes)
Event: 49.174 Thread 0x00000197c9982ae0 nmethod 23550 0x00000197b5c08010 code [0x00000197b5c081e0, 0x00000197b5c08660]
Event: 49.185 Thread 0x00000197c9982ae0 23551       2       java.lang.invoke.LambdaForm$MH/0x00000197cbfb9400::invoke (63 bytes)
Event: 49.188 Thread 0x00000197c9982ae0 nmethod 23551 0x00000197b518e090 code [0x00000197b518e2e0, 0x00000197b518e808]
Event: 49.188 Thread 0x00000197c9982ae0 23553       2       org.gradle.api.internal.attributes.DefaultCompatibilityRuleChain_Decorated::<init> (11 bytes)
Event: 49.190 Thread 0x00000197c9982ae0 nmethod 23553 0x00000197b5869690 code [0x00000197b58698e0, 0x00000197b5869f10]
Event: 49.190 Thread 0x00000197c9982ae0 23554       2       org.gradle.api.internal.attributes.DefaultCompatibilityRuleChain::<init> (26 bytes)
Event: 49.190 Thread 0x00000197c9982ae0 nmethod 23554 0x00000197b6838710 code [0x00000197b68388c0, 0x00000197b6838ba8]
Event: 49.190 Thread 0x00000197c9982ae0 23555       2       org.gradle.api.internal.attributes.DefaultCompatibilityRuleChain_Decorated::$gradleInit (10 bytes)
Event: 49.191 Thread 0x00000197c9982ae0 nmethod 23555 0x00000197b5356090 code [0x00000197b53562c0, 0x00000197b53566f8]
Event: 49.191 Thread 0x00000197c9982ae0 23556       2       org.gradle.api.internal.attributes.DefaultCompatibilityRuleChain_Decorated$$Lambda/0x00000197cb462118::<init> (10 bytes)
Event: 49.191 Thread 0x00000197c9982ae0 nmethod 23556 0x00000197b5c57290 code [0x00000197b5c57420, 0x00000197b5c57570]
Event: 49.191 Thread 0x00000197c9982ae0 23552       2       java.lang.invoke.LambdaForm$MH/0x00000197cbfb9800::invoke (63 bytes)
Event: 49.435 Thread 0x00000197c9982ae0 nmethod 23552 0x00000197b56f2990 code [0x00000197b56f2be0, 0x00000197b56f32c0]

GC Heap History (20 events):
Event: 23.709 GC heap before
{Heap before GC invocations=36 (full 0):
 garbage-first heap   total 184320K, used 169238K [0x0000000080000000, 0x0000000100000000)
  region size 1024K, 62 young (63488K), 6 survivors (6144K)
 Metaspace       used 106496K, committed 108736K, reserved 1179648K
  class space    used 14680K, committed 15808K, reserved 1048576K
}
Event: 23.725 GC heap after
{Heap after GC invocations=37 (full 0):
 garbage-first heap   total 307200K, used 104291K [0x0000000080000000, 0x0000000100000000)
  region size 1024K, 7 young (7168K), 7 survivors (7168K)
 Metaspace       used 106496K, committed 108736K, reserved 1179648K
  class space    used 14680K, committed 15808K, reserved 1048576K
}
Event: 24.389 GC heap before
{Heap before GC invocations=37 (full 0):
 garbage-first heap   total 307200K, used 271203K [0x0000000080000000, 0x0000000100000000)
  region size 1024K, 169 young (173056K), 7 survivors (7168K)
 Metaspace       used 107383K, committed 109760K, reserved 1179648K
  class space    used 14744K, committed 15936K, reserved 1048576K
}
Event: 24.410 GC heap after
{Heap after GC invocations=38 (full 0):
 garbage-first heap   total 307200K, used 113414K [0x0000000080000000, 0x0000000100000000)
  region size 1024K, 14 young (14336K), 14 survivors (14336K)
 Metaspace       used 107383K, committed 109760K, reserved 1179648K
  class space    used 14744K, committed 15936K, reserved 1048576K
}
Event: 25.638 GC heap before
{Heap before GC invocations=38 (full 0):
 garbage-first heap   total 307200K, used 205574K [0x0000000080000000, 0x0000000100000000)
  region size 1024K, 105 young (107520K), 14 survivors (14336K)
 Metaspace       used 108767K, committed 111168K, reserved 1179648K
  class space    used 14907K, committed 16064K, reserved 1048576K
}
Event: 25.658 GC heap after
{Heap after GC invocations=39 (full 0):
 garbage-first heap   total 307200K, used 120005K [0x0000000080000000, 0x0000000100000000)
  region size 1024K, 19 young (19456K), 19 survivors (19456K)
 Metaspace       used 108767K, committed 111168K, reserved 1179648K
  class space    used 14907K, committed 16064K, reserved 1048576K
}
Event: 27.752 GC heap before
{Heap before GC invocations=40 (full 0):
 garbage-first heap   total 307200K, used 283845K [0x0000000080000000, 0x0000000100000000)
  region size 1024K, 171 young (175104K), 19 survivors (19456K)
 Metaspace       used 123749K, committed 126144K, reserved 1179648K
  class space    used 17073K, committed 18240K, reserved 1048576K
}
Event: 27.775 GC heap after
{Heap after GC invocations=41 (full 0):
 garbage-first heap   total 308224K, used 124254K [0x0000000080000000, 0x0000000100000000)
  region size 1024K, 12 young (12288K), 12 survivors (12288K)
 Metaspace       used 123749K, committed 126144K, reserved 1179648K
  class space    used 17073K, committed 18240K, reserved 1048576K
}
Event: 28.875 GC heap before
{Heap before GC invocations=41 (full 0):
 garbage-first heap   total 308224K, used 304478K [0x0000000080000000, 0x0000000100000000)
  region size 1024K, 166 young (169984K), 12 survivors (12288K)
 Metaspace       used 133902K, committed 136384K, reserved 1179648K
  class space    used 18257K, committed 19456K, reserved 1048576K
}
Event: 28.924 GC heap after
{Heap after GC invocations=42 (full 0):
 garbage-first heap   total 347136K, used 156303K [0x0000000080000000, 0x0000000100000000)
  region size 1024K, 21 young (21504K), 21 survivors (21504K)
 Metaspace       used 133902K, committed 136384K, reserved 1179648K
  class space    used 18257K, committed 19456K, reserved 1048576K
}
Event: 30.572 GC heap before
{Heap before GC invocations=42 (full 0):
 garbage-first heap   total 347136K, used 303759K [0x0000000080000000, 0x0000000100000000)
  region size 1024K, 164 young (167936K), 21 survivors (21504K)
 Metaspace       used 148221K, committed 151104K, reserved 1179648K
  class space    used 19952K, committed 21376K, reserved 1048576K
}
Event: 30.609 GC heap after
{Heap after GC invocations=43 (full 0):
 garbage-first heap   total 347136K, used 169900K [0x0000000080000000, 0x0000000100000000)
  region size 1024K, 11 young (11264K), 11 survivors (11264K)
 Metaspace       used 148221K, committed 151104K, reserved 1179648K
  class space    used 19952K, committed 21376K, reserved 1048576K
}
Event: 32.909 GC heap before
{Heap before GC invocations=43 (full 0):
 garbage-first heap   total 347136K, used 306092K [0x0000000080000000, 0x0000000100000000)
  region size 1024K, 145 young (148480K), 11 survivors (11264K)
 Metaspace       used 160465K, committed 163328K, reserved 1245184K
  class space    used 21273K, committed 22720K, reserved 1048576K
}
Event: 32.931 GC heap after
{Heap after GC invocations=44 (full 0):
 garbage-first heap   total 347136K, used 180617K [0x0000000080000000, 0x0000000100000000)
  region size 1024K, 19 young (19456K), 19 survivors (19456K)
 Metaspace       used 160465K, committed 163328K, reserved 1245184K
  class space    used 21273K, committed 22720K, reserved 1048576K
}
Event: 36.306 GC heap before
{Heap before GC invocations=45 (full 0):
 garbage-first heap   total 347136K, used 308617K [0x0000000080000000, 0x0000000100000000)
  region size 1024K, 145 young (148480K), 19 survivors (19456K)
 Metaspace       used 172970K, committed 175872K, reserved 1245184K
  class space    used 22556K, committed 24000K, reserved 1048576K
}
Event: 36.337 GC heap after
{Heap after GC invocations=46 (full 0):
 garbage-first heap   total 347136K, used 181244K [0x0000000080000000, 0x0000000100000000)
  region size 1024K, 9 young (9216K), 9 survivors (9216K)
 Metaspace       used 172970K, committed 175872K, reserved 1245184K
  class space    used 22556K, committed 24000K, reserved 1048576K
}
Event: 42.155 GC heap before
{Heap before GC invocations=46 (full 0):
 garbage-first heap   total 347136K, used 311292K [0x0000000080000000, 0x0000000100000000)
  region size 1024K, 137 young (140288K), 9 survivors (9216K)
 Metaspace       used 173587K, committed 176576K, reserved 1245184K
  class space    used 22593K, committed 24064K, reserved 1048576K
}
Event: 42.178 GC heap after
{Heap after GC invocations=47 (full 0):
 garbage-first heap   total 347136K, used 182008K [0x0000000080000000, 0x0000000100000000)
  region size 1024K, 12 young (12288K), 12 survivors (12288K)
 Metaspace       used 173587K, committed 176576K, reserved 1245184K
  class space    used 22593K, committed 24064K, reserved 1048576K
}
Event: 46.353 GC heap before
{Heap before GC invocations=47 (full 0):
 garbage-first heap   total 347136K, used 316152K [0x0000000080000000, 0x0000000100000000)
  region size 1024K, 143 young (146432K), 12 survivors (12288K)
 Metaspace       used 173788K, committed 176768K, reserved 1245184K
  class space    used 22596K, committed 24064K, reserved 1048576K
}
Event: 46.386 GC heap after
{Heap after GC invocations=48 (full 0):
 garbage-first heap   total 347136K, used 186305K [0x0000000080000000, 0x0000000100000000)
  region size 1024K, 9 young (9216K), 9 survivors (9216K)
 Metaspace       used 173788K, committed 176768K, reserved 1245184K
  class space    used 22596K, committed 24064K, reserved 1048576K
}

Dll operation events (14 events):
Event: 0.013 Loaded shared library C:\Users\User\.cursor\extensions\redhat.java-1.54.0-win32-x64\jre\21.0.10-win32-x86_64\bin\java.dll
Event: 0.088 Loaded shared library C:\Users\User\.cursor\extensions\redhat.java-1.54.0-win32-x64\jre\21.0.10-win32-x86_64\bin\zip.dll
Event: 0.117 Loaded shared library C:\Users\User\.cursor\extensions\redhat.java-1.54.0-win32-x64\jre\21.0.10-win32-x86_64\bin\instrument.dll
Event: 0.123 Loaded shared library C:\Users\User\.cursor\extensions\redhat.java-1.54.0-win32-x64\jre\21.0.10-win32-x86_64\bin\net.dll
Event: 0.125 Loaded shared library C:\Users\User\.cursor\extensions\redhat.java-1.54.0-win32-x64\jre\21.0.10-win32-x86_64\bin\nio.dll
Event: 0.130 Loaded shared library C:\Users\User\.cursor\extensions\redhat.java-1.54.0-win32-x64\jre\21.0.10-win32-x86_64\bin\zip.dll
Event: 0.393 Loaded shared library C:\Users\User\.cursor\extensions\redhat.java-1.54.0-win32-x64\jre\21.0.10-win32-x86_64\bin\jimage.dll
Event: 0.547 Loaded shared library C:\Users\User\.cursor\extensions\redhat.java-1.54.0-win32-x64\jre\21.0.10-win32-x86_64\bin\verify.dll
Event: 0.729 Loaded shared library C:\Users\User\.gradle\native\c067742578af261105cb4f569cf0c3c89f3d7b1fecec35dd04571415982c5e48\windows-amd64\native-platform.dll
Event: 0.738 Loaded shared library C:\Users\User\.gradle\native\100fb08df4bc3b14c8652ba06237920a3bd2aa13389f12d3474272988ae205f9\windows-amd64\native-platform-file-events.dll
Event: 1.859 Loaded shared library C:\Users\User\.cursor\extensions\redhat.java-1.54.0-win32-x64\jre\21.0.10-win32-x86_64\bin\management.dll
Event: 1.861 Loaded shared library C:\Users\User\.cursor\extensions\redhat.java-1.54.0-win32-x64\jre\21.0.10-win32-x86_64\bin\management_ext.dll
Event: 2.061 Loaded shared library C:\Users\User\.cursor\extensions\redhat.java-1.54.0-win32-x64\jre\21.0.10-win32-x86_64\bin\extnet.dll
Event: 2.187 Loaded shared library C:\Users\User\.cursor\extensions\redhat.java-1.54.0-win32-x64\jre\21.0.10-win32-x86_64\bin\sunmscapi.dll

Deoptimization events (20 events):
Event: 48.919 Thread 0x000001981084a090 Uncommon trap: trap_request=0xffffffd6 fr.pc=0x00000197bd458d7c relative=0x000000000000181c
Event: 48.919 Thread 0x000001981084a090 Uncommon trap: reason=array_check action=maybe_recompile pc=0x00000197bd458d7c method=org.gradle.internal.action.InstantiatingAction.execute(Ljava/lang/Object;)V @ 109 c2
Event: 48.919 Thread 0x000001981084a090 DEOPT PACKING pc=0x00000197bd458d7c sp=0x000000645e3f6500
Event: 48.923 Thread 0x000001981084a090 DEOPT UNPACKING pc=0x00000197bc524422 sp=0x000000645e3f63a8 mode 2
Event: 49.059 Thread 0x000001981084a090 Uncommon trap: trap_request=0xffffffbe fr.pc=0x00000197bd3cea48 relative=0x0000000000000f88
Event: 49.059 Thread 0x000001981084a090 Uncommon trap: reason=profile_predicate action=maybe_recompile pc=0x00000197bd3cea48 method=java.util.TimSort.gallopRight(Ljava/lang/Object;[Ljava/lang/Object;IIILjava/util/Comparator;)I @ 263 c2
Event: 49.059 Thread 0x000001981084a090 DEOPT PACKING pc=0x00000197bd3cea48 sp=0x000000645e3f8460
Event: 49.059 Thread 0x000001981084a090 DEOPT UNPACKING pc=0x00000197bc524422 sp=0x000000645e3f83e8 mode 2
Event: 49.065 Thread 0x000001981084a090 Uncommon trap: trap_request=0xffffffbe fr.pc=0x00000197bd520d64 relative=0x0000000000001364
Event: 49.065 Thread 0x000001981084a090 Uncommon trap: reason=profile_predicate action=maybe_recompile pc=0x00000197bd520d64 method=java.util.TimSort.gallopLeft(Ljava/lang/Object;[Ljava/lang/Object;IIILjava/util/Comparator;)I @ 263 c2
Event: 49.065 Thread 0x000001981084a090 DEOPT PACKING pc=0x00000197bd520d64 sp=0x000000645e3f84a0
Event: 49.065 Thread 0x000001981084a090 DEOPT UNPACKING pc=0x00000197bc524422 sp=0x000000645e3f8488 mode 2
Event: 49.066 Thread 0x000001981084a090 Uncommon trap: trap_request=0xffffffbe fr.pc=0x00000197bd520d64 relative=0x0000000000001364
Event: 49.066 Thread 0x000001981084a090 Uncommon trap: reason=profile_predicate action=maybe_recompile pc=0x00000197bd520d64 method=java.util.TimSort.gallopLeft(Ljava/lang/Object;[Ljava/lang/Object;IIILjava/util/Comparator;)I @ 263 c2
Event: 49.066 Thread 0x000001981084a090 DEOPT PACKING pc=0x00000197bd520d64 sp=0x000000645e3f8580
Event: 49.066 Thread 0x000001981084a090 DEOPT UNPACKING pc=0x00000197bc524422 sp=0x000000645e3f8568 mode 2
Event: 49.088 Thread 0x000001981084a090 Uncommon trap: trap_request=0xffffff45 fr.pc=0x00000197bd35865c relative=0x000000000000017c
Event: 49.088 Thread 0x000001981084a090 Uncommon trap: reason=unstable_if action=reinterpret pc=0x00000197bd35865c method=sun.reflect.generics.parser.SignatureParser.parseTypeSignature()Lsun/reflect/generics/tree/TypeSignature; @ 4 c2
Event: 49.088 Thread 0x000001981084a090 DEOPT PACKING pc=0x00000197bd35865c sp=0x000000645e3f8750
Event: 49.088 Thread 0x000001981084a090 DEOPT UNPACKING pc=0x00000197bc524422 sp=0x000000645e3f86f8 mode 2

Classes loaded (20 events):
Event: 36.445 Loading class java/net/LinkedList
Event: 36.445 Loading class java/net/LinkedList done
Event: 36.927 Loading class java/util/HashMapBeanInfo
Event: 36.927 Loading class java/util/HashMapBeanInfo done
Event: 36.927 Loading class java/util/HashMapBeanInfo
Event: 36.927 Loading class java/util/HashMapBeanInfo done
Event: 36.927 Loading class java/util/AbstractMapBeanInfo
Event: 36.927 Loading class java/util/AbstractMapBeanInfo done
Event: 36.927 Loading class java/util/AbstractMapBeanInfo
Event: 36.927 Loading class java/util/AbstractMapBeanInfo done
Event: 36.927 Loading class java/util/AbstractMapCustomizer
Event: 36.927 Loading class java/util/AbstractMapCustomizer done
Event: 36.928 Loading class java/util/AbstractMapCustomizer
Event: 36.928 Loading class java/util/AbstractMapCustomizer done
Event: 36.929 Loading class java/util/HashMapCustomizer
Event: 36.929 Loading class java/util/HashMapCustomizer done
Event: 36.929 Loading class java/util/HashMapCustomizer
Event: 36.929 Loading class java/util/HashMapCustomizer done
Event: 49.089 Loading class sun/reflect/generics/tree/LongSignature
Event: 49.093 Loading class sun/reflect/generics/tree/LongSignature done

Classes unloaded (20 events):
Event: 33.100 Thread 0x00000197c9923b10 Unloading class 0x00000197cbfa2000 '_BuildScript_'
Event: 33.100 Thread 0x00000197c9923b10 Unloading class 0x00000197cbfa07e0 '_BuildScript_$_run_closure1$_closure2$_closure4$_closure5'
Event: 33.100 Thread 0x00000197c9923b10 Unloading class 0x00000197cbfa03f0 '_BuildScript_$_run_closure1$_closure2$_closure4'
Event: 33.100 Thread 0x00000197c9923b10 Unloading class 0x00000197cbfa0000 '_BuildScript_$_run_closure1$_closure2$_closure3'
Event: 33.100 Thread 0x00000197c9923b10 Unloading class 0x00000197cbf9b928 '_BuildScript_$_run_closure1$_closure2'
Event: 33.100 Thread 0x00000197c9923b10 Unloading class 0x00000197cbf9b538 '_BuildScript_$_run_closure1'
Event: 33.100 Thread 0x00000197c9923b10 Unloading class 0x00000197cbf9b000 '_BuildScript_'
Event: 33.100 Thread 0x00000197c9923b10 Unloading class 0x00000197cbf993f0 '_BuildScript_$_run_closure1$_closure2$_closure3$_closure4'
Event: 33.100 Thread 0x00000197c9923b10 Unloading class 0x00000197cbf99000 '_BuildScript_$_run_closure1$_closure2$_closure3'
Event: 33.100 Thread 0x00000197c9923b10 Unloading class 0x00000197cbf98928 '_BuildScript_$_run_closure1$_closure2'
Event: 33.100 Thread 0x00000197c9923b10 Unloading class 0x00000197cbf98538 '_BuildScript_$_run_closure1'
Event: 33.100 Thread 0x00000197c9923b10 Unloading class 0x00000197cbf98000 '_BuildScript_'
Event: 33.100 Thread 0x00000197c9923b10 Unloading class 0x00000197cbf96000 '_BuildScript_$_run_closure1$_closure2'
Event: 33.100 Thread 0x00000197c9923b10 Unloading class 0x00000197cbf95928 '_BuildScript_$_run_closure1'
Event: 33.100 Thread 0x00000197c9923b10 Unloading class 0x00000197cbf953f0 '_BuildScript_'
Event: 33.100 Thread 0x00000197c9923b10 Unloading class 0x00000197cbf95000 'ProtobufPatchPlugin$_apply_closure1$_closure2$_closure3$_closure4'
Event: 33.100 Thread 0x00000197c9923b10 Unloading class 0x00000197cbf94ab0 'ProtobufPatchPlugin$_apply_closure1$_closure2$_closure3'
Event: 33.100 Thread 0x00000197c9923b10 Unloading class 0x00000197cbf946c0 'ProtobufPatchPlugin$_apply_closure1$_closure2'
Event: 33.100 Thread 0x00000197c9923b10 Unloading class 0x00000197cbf942d0 'ProtobufPatchPlugin$_apply_closure1'
Event: 33.100 Thread 0x00000197c9923b10 Unloading class 0x00000197cbf94000 'ProtobufPatchPlugin'

Classes redefined (0 events):
No events

Internal exceptions (20 events):
Event: 48.095 Thread 0x0000019814809510 Exception <a 'sun/nio/fs/WindowsException'{0x0000000090e1f7d8}> (0x0000000090e1f7d8) 
thrown [s\src\hotspot\share\prims\jni.cpp, line 520]
Event: 48.138 Thread 0x000001981084a090 Exception <a 'java/lang/ClassNotFoundException'{0x0000000090e54440}: javals_b4g265pzvwnp4wxp1rw4m2gpiBeanInfo> (0x0000000090e54440) 
thrown [s\src\hotspot\share\classfile\systemDictionary.cpp, line 312]
Event: 48.141 Thread 0x000001981084a090 Exception <a 'java/lang/ClassNotFoundException'{0x0000000090e5a1d0}: javals_b4g265pzvwnp4wxp1rw4m2gpiCustomizer> (0x0000000090e5a1d0) 
thrown [s\src\hotspot\share\classfile\systemDictionary.cpp, line 312]
Event: 48.176 Thread 0x000001981084a090 Exception <a 'sun/nio/fs/WindowsException'{0x0000000090e92118}> (0x0000000090e92118) 
thrown [s\src\hotspot\share\prims\jni.cpp, line 520]
Event: 48.176 Thread 0x000001981084a090 Exception <a 'sun/nio/fs/WindowsException'{0x0000000090e935e0}> (0x0000000090e935e0) 
thrown [s\src\hotspot\share\prims\jni.cpp, line 520]
Event: 48.177 Thread 0x000001981084a090 Exception <a 'sun/nio/fs/WindowsException'{0x0000000090e94aa0}> (0x0000000090e94aa0) 
thrown [s\src\hotspot\share\prims\jni.cpp, line 520]
Event: 48.177 Thread 0x000001981084a090 Exception <a 'sun/nio/fs/WindowsException'{0x0000000090e95b68}> (0x0000000090e95b68) 
thrown [s\src\hotspot\share\prims\jni.cpp, line 520]
Event: 48.339 Thread 0x000001981084a090 Exception <a 'sun/nio/fs/WindowsException'{0x000000008fb74968}> (0x000000008fb74968) 
thrown [s\src\hotspot\share\prims\jni.cpp, line 520]
Event: 48.340 Thread 0x000001981084a090 Exception <a 'sun/nio/fs/WindowsException'{0x000000008fb75ff8}> (0x000000008fb75ff8) 
thrown [s\src\hotspot\share\prims\jni.cpp, line 520]
Event: 48.343 Thread 0x000001981084a090 Exception <a 'sun/nio/fs/WindowsException'{0x000000008fb79408}> (0x000000008fb79408) 
thrown [s\src\hotspot\share\prims\jni.cpp, line 520]
Event: 49.055 Thread 0x000001981084a090 Exception <a 'java/lang/ClassNotFoundException'{0x000000008e25c978}: org/gradle/api/internal/tasks/DefaultTaskContainer_DecoratedBeanInfo> (0x000000008e25c978) 
thrown [s\src\hotspot\share\classfile\systemDictionary.cpp, line 312]
Event: 49.056 Thread 0x000001981084a090 Exception <a 'java/lang/ClassNotFoundException'{0x000000008e266330}: org/gradle/api/internal/tasks/DefaultTaskContainerBeanInfo> (0x000000008e266330) 
thrown [s\src\hotspot\share\classfile\systemDictionary.cpp, line 312]
Event: 49.056 Thread 0x000001981084a090 Exception <a 'java/lang/ClassNotFoundException'{0x000000008e270d20}: org/gradle/api/internal/tasks/DefaultTaskCollectionBeanInfo> (0x000000008e270d20) 
thrown [s\src\hotspot\share\classfile\systemDictionary.cpp, line 312]
Event: 49.057 Thread 0x000001981084a090 Exception <a 'java/lang/ClassNotFoundException'{0x000000008e27b700}: org/gradle/api/internal/DefaultNamedDomainObjectSetBeanInfo> (0x000000008e27b700) 
thrown [s\src\hotspot\share\classfile\systemDictionary.cpp, line 312]
Event: 49.058 Thread 0x000001981084a090 Exception <a 'java/lang/ClassNotFoundException'{0x000000008e2866f8}: org/gradle/api/internal/DefaultNamedDomainObjectCollectionBeanInfo> (0x000000008e2866f8) 
thrown [s\src\hotspot\share\classfile\systemDictionary.cpp, line 312]
Event: 49.059 Thread 0x000001981084a090 Exception <a 'java/lang/ClassNotFoundException'{0x000000008e2914a8}: org/gradle/api/internal/DefaultNamedDomainObjectCollectionCustomizer> (0x000000008e2914a8) 
thrown [s\src\hotspot\share\classfile\systemDictionary.cpp, line 312]
Event: 49.065 Thread 0x000001981084a090 Exception <a 'java/lang/ClassNotFoundException'{0x000000008e2e07e0}: org/gradle/api/internal/DefaultNamedDomainObjectSetCustomizer> (0x000000008e2e07e0) 
thrown [s\src\hotspot\share\classfile\systemDictionary.cpp, line 312]
Event: 49.074 Thread 0x000001981084a090 Exception <a 'java/lang/ClassNotFoundException'{0x000000008e163c38}: org/gradle/api/internal/tasks/DefaultTaskCollectionCustomizer> (0x000000008e163c38) 
thrown [s\src\hotspot\share\classfile\systemDictionary.cpp, line 312]
Event: 49.085 Thread 0x000001981084a090 Exception <a 'java/lang/ClassNotFoundException'{0x000000008e00e418}: org/gradle/api/internal/tasks/DefaultTaskContainerCustomizer> (0x000000008e00e418) 
thrown [s\src\hotspot\share\classfile\systemDictionary.cpp, line 312]
Event: 49.113 Thread 0x000001981084a090 Exception <a 'java/lang/ClassNotFoundException'{0x000000008dfdc490}: org/gradle/api/internal/tasks/DefaultTaskContainer_DecoratedCustomizer> (0x000000008dfdc490) 
thrown [s\src\hotspot\share\classfile\systemDictionary.cpp, line 312]

ZGC Phase Switch (0 events):
No events

VM Operations (20 events):
Event: 42.178 Executing safepoint VM operation: G1CollectForAllocation (G1 Evacuation Pause) done
Event: 42.795 Executing safepoint VM operation: ICBufferFull
Event: 42.795 Executing safepoint VM operation: ICBufferFull done
Event: 43.806 Executing safepoint VM operation: Cleanup
Event: 43.806 Executing safepoint VM operation: Cleanup done
Event: 44.816 Executing non-safepoint VM operation: HandshakeAllThreads (Deoptimize)
Event: 44.816 Executing non-safepoint VM operation: HandshakeAllThreads (Deoptimize) done
Event: 44.816 Executing safepoint VM operation: Cleanup
Event: 44.816 Executing safepoint VM operation: Cleanup done
Event: 45.822 Executing safepoint VM operation: Cleanup
Event: 45.823 Executing safepoint VM operation: Cleanup done
Event: 46.353 Executing safepoint VM operation: G1CollectForAllocation (G1 Evacuation Pause)
Event: 46.386 Executing safepoint VM operation: G1CollectForAllocation (G1 Evacuation Pause) done
Event: 47.128 Executing safepoint VM operation: G1PauseRemark
Event: 47.248 Executing safepoint VM operation: G1PauseRemark done
Event: 47.367 Executing safepoint VM operation: G1PauseCleanup
Event: 47.368 Executing safepoint VM operation: G1PauseCleanup done
Event: 48.370 Executing safepoint VM operation: Cleanup
Event: 48.371 Executing safepoint VM operation: Cleanup done
Event: 49.372 Executing safepoint VM operation: Cleanup

Memory protections (0 events):
No events

Nmethod flushes (20 events):
Event: 47.228 Thread 0x00000197c9923b10 flushing  nmethod 0x00000197b6776690
Event: 47.228 Thread 0x00000197c9923b10 flushing  nmethod 0x00000197b677c810
Event: 47.228 Thread 0x00000197c9923b10 flushing  nmethod 0x00000197b68e7810
Event: 47.228 Thread 0x00000197c9923b10 flushing  nmethod 0x00000197b68e9290
Event: 47.228 Thread 0x00000197c9923b10 flushing  nmethod 0x00000197b69ca510
Event: 47.228 Thread 0x00000197c9923b10 flushing  nmethod 0x00000197b69cae10
Event: 47.228 Thread 0x00000197c9923b10 flushing  nmethod 0x00000197b69f3a90
Event: 47.228 Thread 0x00000197c9923b10 flushing  nmethod 0x00000197b6b10710
Event: 47.228 Thread 0x00000197c9923b10 flushing  nmethod 0x00000197b6b1c490
Event: 47.228 Thread 0x00000197c9923b10 flushing  nmethod 0x00000197b6c46290
Event: 47.228 Thread 0x00000197c9923b10 flushing  nmethod 0x00000197b6d21390
Event: 47.228 Thread 0x00000197c9923b10 flushing  nmethod 0x00000197b6d27810
Event: 47.228 Thread 0x00000197c9923b10 flushing  nmethod 0x00000197b6d28a90
Event: 47.228 Thread 0x00000197c9923b10 flushing  nmethod 0x00000197b6d29590
Event: 47.228 Thread 0x00000197c9923b10 flushing  nmethod 0x00000197b6deb610
Event: 47.228 Thread 0x00000197c9923b10 flushing  nmethod 0x00000197b6ded510
Event: 47.228 Thread 0x00000197c9923b10 flushing  nmethod 0x00000197b6def090
Event: 47.228 Thread 0x00000197c9923b10 flushing  nmethod 0x00000197b6df0110
Event: 47.228 Thread 0x00000197c9923b10 flushing  nmethod 0x00000197b6dfb390
Event: 47.228 Thread 0x00000197c9923b10 flushing  nmethod 0x00000197b6dfb910

Events (20 events):
Event: 48.825 Thread 0x000001981084a090 Thread added: 0x00000198242cb4e0
Event: 48.827 Thread 0x000001981084a090 Thread added: 0x00000198242e41a0
Event: 48.828 Thread 0x000001981084a090 Thread added: 0x00000198242e20d0
Event: 48.828 Thread 0x000001981084a090 Thread added: 0x00000198242e4830
Event: 48.828 Thread 0x000001981084a090 Thread added: 0x00000198242e4ec0
Event: 48.829 Thread 0x000001981084a090 Thread added: 0x00000198242e5550
Event: 48.830 Thread 0x000001981084a090 Thread added: 0x00000198242e2760
Event: 48.830 Thread 0x000001981084a090 Thread added: 0x000001982513f540
Event: 48.830 Thread 0x000001981084a090 Thread added: 0x000001982513c750
Event: 48.951 Thread 0x000001981084a090 Thread added: 0x000001980ffef1e0
Event: 48.956 Thread 0x000001981084a090 Thread added: 0x000001980ffeca80
Event: 48.962 Thread 0x000001981084a090 Thread added: 0x000001980ffed7a0
Event: 48.963 Thread 0x000001981084a090 Thread added: 0x000001980ffed110
Event: 48.964 Thread 0x000001981084a090 Thread added: 0x000001980ffede30
Event: 48.965 Thread 0x000001981084a090 Thread added: 0x000001981af1c400
Event: 48.965 Thread 0x000001981084a090 Thread added: 0x000001981af1f1f0
Event: 48.966 Thread 0x000001981084a090 Thread added: 0x000001981af1ca90
Event: 48.966 Thread 0x000001981084a090 Thread added: 0x000001981af1d7b0
Event: 48.968 Thread 0x000001981084a090 Thread added: 0x000001981af1f880
Event: 48.968 Thread 0x000001981084a090 Thread added: 0x000001981af1d120


Dynamic libraries:
0x00007ff781d90000 - 0x00007ff781d9e000 	C:\Users\User\.cursor\extensions\redhat.java-1.54.0-win32-x64\jre\21.0.10-win32-x86_64\bin\java.exe
0x00007fff389e0000 - 0x00007fff38c47000 	C:\WINDOWS\SYSTEM32\ntdll.dll
0x00007fff37180000 - 0x00007fff37249000 	C:\WINDOWS\System32\KERNEL32.DLL
0x00007fff360b0000 - 0x00007fff364a4000 	C:\WINDOWS\System32\KERNELBASE.dll
0x00007fff36620000 - 0x00007fff3676b000 	C:\WINDOWS\System32\ucrtbase.dll
0x00007fff264f0000 - 0x00007fff2650e000 	C:\Users\User\.cursor\extensions\redhat.java-1.54.0-win32-x64\jre\21.0.10-win32-x86_64\bin\VCRUNTIME140.dll
0x00007fff264b0000 - 0x00007fff264c8000 	C:\Users\User\.cursor\extensions\redhat.java-1.54.0-win32-x64\jre\21.0.10-win32-x86_64\bin\jli.dll
0x00007fff386a0000 - 0x00007fff38865000 	C:\WINDOWS\System32\USER32.dll
0x00007fff1d720000 - 0x00007fff1d9b3000 	C:\WINDOWS\WinSxS\amd64_microsoft.windows.common-controls_6595b64144ccf1df_6.0.26100.8115_none_3e075c82e3354f9c\COMCTL32.dll
0x00007fff35420000 - 0x00007fff35447000 	C:\WINDOWS\System32\win32u.dll
0x00007fff370d0000 - 0x00007fff37179000 	C:\WINDOWS\System32\msvcrt.dll
0x00007fff38460000 - 0x00007fff3848b000 	C:\WINDOWS\System32\GDI32.dll
0x00007fff35590000 - 0x00007fff356bb000 	C:\WINDOWS\System32\gdi32full.dll
0x00007fff352b0000 - 0x00007fff35353000 	C:\WINDOWS\System32\msvcp_win.dll
0x00007fff375e0000 - 0x00007fff37612000 	C:\WINDOWS\System32\IMM32.DLL
0x00007fff30e30000 - 0x00007fff30e3c000 	C:\Users\User\.cursor\extensions\redhat.java-1.54.0-win32-x64\jre\21.0.10-win32-x86_64\bin\vcruntime140_1.dll
0x00007fff07180000 - 0x00007fff0720d000 	C:\Users\User\.cursor\extensions\redhat.java-1.54.0-win32-x64\jre\21.0.10-win32-x86_64\bin\msvcp140.dll
0x00007ffe75f50000 - 0x00007ffe76cf1000 	C:\Users\User\.cursor\extensions\redhat.java-1.54.0-win32-x64\jre\21.0.10-win32-x86_64\bin\server\jvm.dll
0x00007fff37b90000 - 0x00007fff37c46000 	C:\WINDOWS\System32\ADVAPI32.dll
0x00007fff388f0000 - 0x00007fff38997000 	C:\WINDOWS\System32\sechost.dll
0x00007fff37280000 - 0x00007fff37398000 	C:\WINDOWS\System32\RPCRT4.dll
0x00007fff373a0000 - 0x00007fff37420000 	C:\WINDOWS\System32\WS2_32.dll
0x00007fff35110000 - 0x00007fff3516e000 	C:\WINDOWS\SYSTEM32\POWRPROF.dll
0x00007fff2c220000 - 0x00007fff2c22b000 	C:\WINDOWS\SYSTEM32\VERSION.dll
0x00007fff1c8c0000 - 0x00007fff1c8f6000 	C:\WINDOWS\SYSTEM32\WINMM.dll
0x00007fff350f0000 - 0x00007fff35104000 	C:\WINDOWS\SYSTEM32\UMPDC.dll
0x00007fff34040000 - 0x00007fff3405b000 	C:\WINDOWS\SYSTEM32\kernel.appcore.dll
0x00007fff27e50000 - 0x00007fff27e5a000 	C:\Users\User\.cursor\extensions\redhat.java-1.54.0-win32-x64\jre\21.0.10-win32-x86_64\bin\jimage.dll
0x00007fff0a490000 - 0x00007fff0a6d2000 	C:\WINDOWS\SYSTEM32\DBGHELP.DLL
0x00007fff37f10000 - 0x00007fff38292000 	C:\WINDOWS\System32\combase.dll
0x00007fff37ab0000 - 0x00007fff37b88000 	C:\WINDOWS\System32\OLEAUT32.dll
0x00007fff121d0000 - 0x00007fff1220b000 	C:\WINDOWS\SYSTEM32\dbgcore.DLL
0x00007fff35450000 - 0x00007fff354f5000 	C:\WINDOWS\System32\bcryptPrimitives.dll
0x00007fff21d10000 - 0x00007fff21d1f000 	C:\Users\User\.cursor\extensions\redhat.java-1.54.0-win32-x64\jre\21.0.10-win32-x86_64\bin\instrument.dll
0x00007fff22800000 - 0x00007fff22820000 	C:\Users\User\.cursor\extensions\redhat.java-1.54.0-win32-x64\jre\21.0.10-win32-x86_64\bin\java.dll
0x00007fff36960000 - 0x00007fff370c7000 	C:\WINDOWS\System32\SHELL32.dll
0x00007fff364b0000 - 0x00007fff3661a000 	C:\WINDOWS\System32\wintypes.dll
0x00007fff356c0000 - 0x00007fff35f28000 	C:\WINDOWS\System32\windows.storage.dll
0x00007fff36770000 - 0x00007fff36868000 	C:\WINDOWS\System32\SHCORE.dll
0x00007fff36870000 - 0x00007fff368d6000 	C:\WINDOWS\System32\shlwapi.dll
0x00007fff351d0000 - 0x00007fff351f9000 	C:\WINDOWS\SYSTEM32\profapi.dll
0x00007fff19590000 - 0x00007fff195a8000 	C:\Users\User\.cursor\extensions\redhat.java-1.54.0-win32-x64\jre\21.0.10-win32-x86_64\bin\zip.dll
0x00007fff22780000 - 0x00007fff22790000 	C:\Users\User\.cursor\extensions\redhat.java-1.54.0-win32-x64\jre\21.0.10-win32-x86_64\bin\net.dll
0x00007fff2ec20000 - 0x00007fff2ed4d000 	C:\WINDOWS\SYSTEM32\WINHTTP.dll
0x00007fff345b0000 - 0x00007fff3461c000 	C:\WINDOWS\system32\mswsock.dll
0x00007fff16230000 - 0x00007fff16246000 	C:\Users\User\.cursor\extensions\redhat.java-1.54.0-win32-x64\jre\21.0.10-win32-x86_64\bin\nio.dll
0x00007fff16220000 - 0x00007fff16230000 	C:\Users\User\.cursor\extensions\redhat.java-1.54.0-win32-x64\jre\21.0.10-win32-x86_64\bin\verify.dll
0x00007fff16d20000 - 0x00007fff16d47000 	C:\Users\User\.gradle\native\c067742578af261105cb4f569cf0c3c89f3d7b1fecec35dd04571415982c5e48\windows-amd64\native-platform.dll
0x00007ffed1820000 - 0x00007ffed1964000 	C:\Users\User\.gradle\native\100fb08df4bc3b14c8652ba06237920a3bd2aa13389f12d3474272988ae205f9\windows-amd64\native-platform-file-events.dll
0x00007fff15bf0000 - 0x00007fff15bfa000 	C:\Users\User\.cursor\extensions\redhat.java-1.54.0-win32-x64\jre\21.0.10-win32-x86_64\bin\management.dll
0x00007fff13f30000 - 0x00007fff13f3c000 	C:\Users\User\.cursor\extensions\redhat.java-1.54.0-win32-x64\jre\21.0.10-win32-x86_64\bin\management_ext.dll
0x00007fff375d0000 - 0x00007fff375d8000 	C:\WINDOWS\System32\PSAPI.DLL
0x00007fff34890000 - 0x00007fff348ab000 	C:\WINDOWS\SYSTEM32\CRYPTSP.dll
0x00007fff33fa0000 - 0x00007fff33fd9000 	C:\WINDOWS\system32\rsaenh.dll
0x00007fff34660000 - 0x00007fff34693000 	C:\WINDOWS\SYSTEM32\USERENV.dll
0x00007fff351a0000 - 0x00007fff351ca000 	C:\WINDOWS\SYSTEM32\bcrypt.dll
0x00007fff348b0000 - 0x00007fff348bc000 	C:\WINDOWS\SYSTEM32\CRYPTBASE.dll
0x00007fff33a40000 - 0x00007fff33a72000 	C:\WINDOWS\SYSTEM32\IPHLPAPI.DLL
0x00007fff382a0000 - 0x00007fff382aa000 	C:\WINDOWS\System32\NSI.dll
0x00007fff15f70000 - 0x00007fff15f79000 	C:\Users\User\.cursor\extensions\redhat.java-1.54.0-win32-x64\jre\21.0.10-win32-x86_64\bin\extnet.dll
0x00007fff16210000 - 0x00007fff1621e000 	C:\Users\User\.cursor\extensions\redhat.java-1.54.0-win32-x64\jre\21.0.10-win32-x86_64\bin\sunmscapi.dll
0x00007fff35f30000 - 0x00007fff360a7000 	C:\WINDOWS\System32\CRYPT32.dll
0x00007fff34ab0000 - 0x00007fff34ae0000 	C:\WINDOWS\SYSTEM32\ncrypt.dll
0x00007fff34a60000 - 0x00007fff34a9f000 	C:\WINDOWS\SYSTEM32\NTASN1.dll
0x00007fff004c0000 - 0x00007fff004c8000 	C:\WINDOWS\system32\wshunix.dll
0x00007fff34160000 - 0x00007fff34196000 	C:\WINDOWS\SYSTEM32\ntmarta.dll

JVMTI agents:
C:\Users\User\.gradle\wrapper\dists\gradle-8.11.1-bin\bpt9gzteqjrbo1mjrsomdt32c\gradle-8.11.1\lib\agents\gradle-instrumentation-agent-8.11.1.jar path:C:\Users\User\.cursor\extensions\redhat.java-1.54.0-win32-x64\jre\21.0.10-win32-x86_64\bin\instrument.dll, loaded, initialized, instrumentlib options:none

dbghelp: loaded successfully - version: 4.0.5 - missing functions: none
symbol engine: initialized successfully - sym options: 0x614 - pdb path: .;C:\Users\User\.cursor\extensions\redhat.java-1.54.0-win32-x64\jre\21.0.10-win32-x86_64\bin;C:\WINDOWS\SYSTEM32;C:\WINDOWS\WinSxS\amd64_microsoft.windows.common-controls_6595b64144ccf1df_6.0.26100.8115_none_3e075c82e3354f9c;C:\Users\User\.cursor\extensions\redhat.java-1.54.0-win32-x64\jre\21.0.10-win32-x86_64\bin\server;C:\Users\User\.gradle\native\c067742578af261105cb4f569cf0c3c89f3d7b1fecec35dd04571415982c5e48\windows-amd64;C:\Users\User\.gradle\native\100fb08df4bc3b14c8652ba06237920a3bd2aa13389f12d3474272988ae205f9\windows-amd64

VM Arguments:
jvm_args: --add-opens=java.base/java.lang=ALL-UNNAMED --add-opens=java.base/java.lang.invoke=ALL-UNNAMED --add-opens=java.base/java.util=ALL-UNNAMED --add-opens=java.prefs/java.util.prefs=ALL-UNNAMED --add-exports=jdk.compiler/com.sun.tools.javac.api=ALL-UNNAMED --add-exports=jdk.compiler/com.sun.tools.javac.util=ALL-UNNAMED --add-opens=java.base/java.util=ALL-UNNAMED --add-opens=java.prefs/java.util.prefs=ALL-UNNAMED --add-opens=java.base/java.nio.charset=ALL-UNNAMED --add-opens=java.base/java.net=ALL-UNNAMED --add-opens=java.base/java.util.concurrent.atomic=ALL-UNNAMED --add-opens=java.xml/javax.xml.namespace=ALL-UNNAMED -Xmx2048m -Dfile.encoding=UTF-8 -Duser.country=US -Duser.language=en -Duser.variant -javaagent:C:\Users\User\.gradle\wrapper\dists\gradle-8.11.1-bin\bpt9gzteqjrbo1mjrsomdt32c\gradle-8.11.1\lib\agents\gradle-instrumentation-agent-8.11.1.jar 
java_command: org.gradle.launcher.daemon.bootstrap.GradleDaemon 8.11.1
java_class_path (initial): C:\Users\User\.gradle\wrapper\dists\gradle-8.11.1-bin\bpt9gzteqjrbo1mjrsomdt32c\gradle-8.11.1\lib\gradle-daemon-main-8.11.1.jar
Launcher Type: SUN_STANDARD

[Global flags]
     intx CICompilerCount                          = 4                                         {product} {ergonomic}
     uint ConcGCThreads                            = 3                                         {product} {ergonomic}
     uint G1ConcRefinementThreads                  = 10                                        {product} {ergonomic}
   size_t G1HeapRegionSize                         = 1048576                                   {product} {ergonomic}
    uintx GCDrainStackTargetSize                   = 64                                        {product} {ergonomic}
   size_t InitialHeapSize                          = 132120576                                 {product} {ergonomic}
   size_t MarkStackSize                            = 4194304                                   {product} {ergonomic}
   size_t MaxHeapSize                              = 2147483648                                {product} {command line}
   size_t MaxNewSize                               = 1287651328                                {product} {ergonomic}
   size_t MinHeapDeltaBytes                        = 1048576                                   {product} {ergonomic}
   size_t MinHeapSize                              = 8388608                                   {product} {ergonomic}
    uintx NonNMethodCodeHeapSize                   = 5839372                                {pd product} {ergonomic}
    uintx NonProfiledCodeHeapSize                  = 122909434                              {pd product} {ergonomic}
    uintx ProfiledCodeHeapSize                     = 122909434                              {pd product} {ergonomic}
    uintx ReservedCodeCacheSize                    = 251658240                              {pd product} {ergonomic}
     bool SegmentedCodeCache                       = true                                      {product} {ergonomic}
   size_t SoftMaxHeapSize                          = 2147483648                             {manageable} {ergonomic}
     bool UseCompressedOops                        = true                           {product lp64_product} {ergonomic}
     bool UseG1GC                                  = true                                      {product} {ergonomic}
     bool UseLargePagesIndividualAllocation        = false                                  {pd product} {ergonomic}

Logging:
Log output configuration:
 #0: stdout all=warning uptime,level,tags foldmultilines=false
 #1: stderr all=off uptime,level,tags foldmultilines=false

Release file:
JAVA_VERSION="21.0.10" 
MODULES="java.base java.compiler java.datatransfer java.xml java.prefs java.desktop java.instrument java.logging java.management java.security.sasl java.naming java.rmi java.management.rmi java.net.http java.scripting java.security.jgss java.transaction.xa java.sql java.sql.rowset java.xml.crypto java.se java.smartcardio jdk.accessibility jdk.internal.jvmstat jdk.attach jdk.charsets jdk.internal.opt jdk.zipfs jdk.compiler jdk.crypto.ec jdk.crypto.cryptoki jdk.crypto.mscapi jdk.dynalink jdk.internal.ed jdk.editpad jdk.hotspot.agent jdk.httpserver jdk.internal.le jdk.internal.vm.ci jdk.internal.vm.compiler jdk.internal.vm.compiler.management jdk.jartool jdk.javadoc jdk.jcmd jdk.management jdk.management.agent jdk.jconsole jdk.jdeps jdk.jdwp.agent jdk.jdi jdk.jfr jdk.jshell jdk.jsobject jdk.jstatd jdk.localedata jdk.management.jfr jdk.naming.dns jdk.naming.rmi jdk.net jdk.nio.mapmode jdk.random jdk.sctp jdk.security.auth jdk.security.jgss jdk.unsupported jdk.unsupported.desktop jdk.xml.dom" 

Environment Variables:
CLASSPATH=c:\Users\User\.cursor\extensions\vscjava.vscode-gradle-3.17.3-universal\lib\gradle-server.jar
PATH=C:\WINDOWS\system32;C:\WINDOWS;C:\WINDOWS\System32\Wbem;C:\WINDOWS\System32\WindowsPowerShell\v1.0\;C:\WINDOWS\System32\OpenSSH\;D:\flutter\bin\cache\dart-sdk\bin;C:\Program Files\Git\cmd;C:\Program Files\nodejs\;C:\Users\User\AppData\Local\Microsoft\WindowsApps;C:\Users\User\AppData\Local\Programs\Microsoft VS Code\bin;D:\flutter\bin;C:\Users\User\AppData\Roaming\npm;C:\Users\User\AppData\Local\Programs\cursor\resources\app\bin
USERNAME=User
OS=Windows_NT
PROCESSOR_IDENTIFIER=Intel64 Family 6 Model 165 Stepping 3, GenuineIntel
TMP=C:\Users\User\AppData\Local\Temp
TEMP=C:\Users\User\AppData\Local\Temp




Periodic native trim disabled

---------------  S Y S T E M  ---------------

OS:
 Windows 11 , 64 bit Build 26100 (10.0.26100.8246)
OS uptime: 0 days 1:48 hours

CPU: total 12 (initial active 12) (6 cores per cpu, 2 threads per core) family 6 model 165 stepping 3 microcode 0xf0, cx8, cmov, fxsr, ht, mmx, 3dnowpref, sse, sse2, sse3, ssse3, sse4.1, sse4.2, popcnt, lzcnt, tsc, tscinvbit, avx, avx2, aes, erms, clmul, bmi1, bmi2, adx, fma, vzeroupper, clflush, clflushopt, rdtscp, f16c
Processor Information for the first 12 processors :
  Max Mhz: 2904, Current Mhz: 2904, Mhz Limit: 2904

Memory: 4k page, system-wide physical 8030M (396M free)
TotalPageFile size 20865M (AvailPageFile size 4M)
current process WorkingSet (physical memory assigned to process): 512M, peak: 678M
current process commit charge ("private bytes"): 827M, peak: 834M

vm_info: OpenJDK 64-Bit Server VM (21.0.10+7-LTS) for windows-amd64 JRE (21.0.10+7-LTS), built on 2026-01-20T00:00:00Z by "admin" with MS VC++ 17.12 (VS2022)

END.
